/*
SQLyog Ultimate v12.09 (64 bit)
MySQL - 5.7.13-log : Database - activiti
*********************************************************************
*/

/*!40101 SET NAMES utf8 */;

/*!40101 SET SQL_MODE=''*/;

/*!40014 SET @OLD_UNIQUE_CHECKS=@@UNIQUE_CHECKS, UNIQUE_CHECKS=0 */;
/*!40014 SET @OLD_FOREIGN_KEY_CHECKS=@@FOREIGN_KEY_CHECKS, FOREIGN_KEY_CHECKS=0 */;
/*!40101 SET @OLD_SQL_MODE=@@SQL_MODE, SQL_MODE='NO_AUTO_VALUE_ON_ZERO' */;
/*!40111 SET @OLD_SQL_NOTES=@@SQL_NOTES, SQL_NOTES=0 */;
CREATE DATABASE /*!32312 IF NOT EXISTS*/`activiti` /*!40100 DEFAULT CHARACTER SET utf8 */;

USE `activiti`;

/*Table structure for table `act_evt_log` */

DROP TABLE IF EXISTS `act_evt_log`;

CREATE TABLE `act_evt_log` (
  `LOG_NR_` bigint(20) NOT NULL AUTO_INCREMENT,
  `TYPE_` varchar(64) COLLATE utf8_bin DEFAULT NULL,
  `PROC_DEF_ID_` varchar(64) COLLATE utf8_bin DEFAULT NULL,
  `PROC_INST_ID_` varchar(64) COLLATE utf8_bin DEFAULT NULL,
  `EXECUTION_ID_` varchar(64) COLLATE utf8_bin DEFAULT NULL,
  `TASK_ID_` varchar(64) COLLATE utf8_bin DEFAULT NULL,
  `TIME_STAMP_` timestamp(3) NOT NULL DEFAULT CURRENT_TIMESTAMP(3) ON UPDATE CURRENT_TIMESTAMP(3),
  `USER_ID_` varchar(255) COLLATE utf8_bin DEFAULT NULL,
  `DATA_` longblob,
  `LOCK_OWNER_` varchar(255) COLLATE utf8_bin DEFAULT NULL,
  `LOCK_TIME_` timestamp(3) NULL DEFAULT NULL,
  `IS_PROCESSED_` tinyint(4) DEFAULT '0',
  PRIMARY KEY (`LOG_NR_`)
) ENGINE=InnoDB DEFAULT CHARSET=utf8 COLLATE=utf8_bin;

/*Data for the table `act_evt_log` */

/*Table structure for table `act_ge_bytearray` */

DROP TABLE IF EXISTS `act_ge_bytearray`;

CREATE TABLE `act_ge_bytearray` (
  `ID_` varchar(64) COLLATE utf8_bin NOT NULL,
  `REV_` int(11) DEFAULT NULL,
  `NAME_` varchar(255) COLLATE utf8_bin DEFAULT NULL,
  `DEPLOYMENT_ID_` varchar(64) COLLATE utf8_bin DEFAULT NULL,
  `BYTES_` longblob,
  `GENERATED_` tinyint(4) DEFAULT NULL,
  PRIMARY KEY (`ID_`),
  KEY `ACT_FK_BYTEARR_DEPL` (`DEPLOYMENT_ID_`),
  CONSTRAINT `ACT_FK_BYTEARR_DEPL` FOREIGN KEY (`DEPLOYMENT_ID_`) REFERENCES `act_re_deployment` (`ID_`)
) ENGINE=InnoDB DEFAULT CHARSET=utf8 COLLATE=utf8_bin;

/*Data for the table `act_ge_bytearray` */

insert  into `act_ge_bytearray`(`ID_`,`REV_`,`NAME_`,`DEPLOYMENT_ID_`,`BYTES_`,`GENERATED_`) values ('10002',1,'Interview.bpmn.xml','10001','<?xml version=\"1.0\" encoding=\"UTF-8\"?>\r\n<definitions xmlns=\"http://www.omg.org/spec/BPMN/20100524/MODEL\"\r\n             xmlns:activiti=\"http://activiti.org/bpmn\"\r\n             xmlns:xsi=\"http://www.w3.org/2001/XMLSchema-instance\"\r\n             targetNamespace=\"Examples\"\r\n             xsi:schemaLocation=\"http://www.omg.org/spec/BPMN/20100524/MODEL\r\n             http://www.omg.org/spec/BPMN/2.0/20100501/BPMN20.xsd\">\r\n  <process id=\"Interview\" name=\"某公司2012年实习生招聘流程\">\r\n    <documentation>招聘工作流程</documentation>\r\n    <startEvent id=\"start\" name=\"实习生招聘启动\"/>\r\n    <userTask id=\"bishi\" name=\"笔试\" activiti:candidateGroups=\"人力资源部\"/>\r\n    <sequenceFlow id=\"flow1\" name=\"\" sourceRef=\"start\" targetRef=\"bishi\"/>\r\n    <userTask id=\"yimian\" name=\"技术一面\" activiti:candidateGroups=\"技术部\"/>\r\n    <sequenceFlow id=\"flow2\" name=\"\" sourceRef=\"bishi\" targetRef=\"yimian\"/>\r\n    <userTask id=\"ermian\" name=\"技术二面\" activiti:candidateGroups=\"技术部\"/>\r\n    <sequenceFlow id=\"flow3\" name=\"\" sourceRef=\"yimian\" targetRef=\"ermian\"/>\r\n    <userTask id=\"hrmian\" name=\"HR面\" activiti:candidateGroups=\"人力资源部\"/>\r\n    <sequenceFlow id=\"flow4\" name=\"\" sourceRef=\"ermian\" targetRef=\"hrmian\"/>\r\n    <userTask id=\"luyong\" name=\"录用，发放Offer\" activiti:candidateGroups=\"人力资源部\"/>\r\n    <sequenceFlow id=\"flow5\" name=\"\" sourceRef=\"hrmian\" targetRef=\"luyong\"/>\r\n    <endEvent id=\"end\" name=\"实习生招聘结束\"/>\r\n    <sequenceFlow id=\"flow6\" name=\"\" sourceRef=\"luyong\" targetRef=\"end\"/>\r\n  </process>\r\n\r\n</definitions>',0),('12502',1,'Interview.bpmn.xml','12501','<?xml version=\"1.0\" encoding=\"UTF-8\"?>\r\n<definitions xmlns=\"http://www.omg.org/spec/BPMN/20100524/MODEL\"\r\n             xmlns:activiti=\"http://activiti.org/bpmn\"\r\n             xmlns:xsi=\"http://www.w3.org/2001/XMLSchema-instance\"\r\n             targetNamespace=\"Examples\"\r\n             xsi:schemaLocation=\"http://www.omg.org/spec/BPMN/20100524/MODEL\r\n             http://www.omg.org/spec/BPMN/2.0/20100501/BPMN20.xsd\">\r\n  <process id=\"Interview\" name=\"某公司2012年实习生招聘流程\">\r\n    <documentation>招聘工作流程</documentation>\r\n    <startEvent id=\"start\" name=\"实习生招聘启动\"/>\r\n    <userTask id=\"bishi\" name=\"笔试\" activiti:candidateGroups=\"人力资源部\"/>\r\n    <sequenceFlow id=\"flow1\" name=\"\" sourceRef=\"start\" targetRef=\"bishi\"/>\r\n    <userTask id=\"yimian\" name=\"技术一面\" activiti:candidateGroups=\"技术部\"/>\r\n    <sequenceFlow id=\"flow2\" name=\"\" sourceRef=\"bishi\" targetRef=\"yimian\"/>\r\n    <userTask id=\"ermian\" name=\"技术二面\" activiti:candidateGroups=\"技术部\"/>\r\n    <sequenceFlow id=\"flow3\" name=\"\" sourceRef=\"yimian\" targetRef=\"ermian\"/>\r\n    <userTask id=\"hrmian\" name=\"HR面\" activiti:candidateGroups=\"人力资源部\"/>\r\n    <sequenceFlow id=\"flow4\" name=\"\" sourceRef=\"ermian\" targetRef=\"hrmian\"/>\r\n    <userTask id=\"luyong\" name=\"录用，发放Offer\" activiti:candidateGroups=\"人力资源部\"/>\r\n    <sequenceFlow id=\"flow5\" name=\"\" sourceRef=\"hrmian\" targetRef=\"luyong\"/>\r\n    <endEvent id=\"end\" name=\"实习生招聘结束\"/>\r\n    <sequenceFlow id=\"flow6\" name=\"\" sourceRef=\"luyong\" targetRef=\"end\"/>\r\n  </process>\r\n\r\n</definitions>',0),('15002',1,'Interview.bpmn.xml','15001','<definitions xmlns=\"http://www.omg.org/spec/BPMN/20100524/MODEL\"\r\n             xmlns:activiti=\"http://activiti.org/bpmn\"\r\n             targetNamespace=\"Examples\">\r\n    <!-- 流程定义部分 -->\r\n    <process id=\"myProcess\" name=\"My First Process\">\r\n        <startEvent id=\"startevent1\" name=\"Start\">\r\n\r\n        </startEvent>\r\n        <endEvent id=\"endevent1\" name=\"End\">\r\n\r\n        </endEvent>\r\n        <userTask id=\"usertask1\" name=\"员工申请请假\" activiti:assignee=\"员工\">\r\n\r\n        </userTask>\r\n        <userTask id=\"usertask2\" name=\"部门经理审批\" activiti:assignee=\"经理\">\r\n\r\n        </userTask>\r\n        <userTask id=\"usertask3\" name=\"老板审批\" activiti:assignee=\"老板\">\r\n\r\n        </userTask>\r\n        <sequenceFlow id=\"flow1\" sourceRef=\"startevent1\" targetRef=\"usertask1\">\r\n\r\n        </sequenceFlow>\r\n        <sequenceFlow id=\"flow2\" name=\"提交申请\" sourceRef=\"usertask1\"\r\n                      targetRef=\"usertask2\">\r\n\r\n        </sequenceFlow>\r\n        <sequenceFlow id=\"flow3\" name=\"经理审批\" sourceRef=\"usertask2\"\r\n                      targetRef=\"usertask3\">\r\n\r\n        </sequenceFlow>\r\n        <sequenceFlow id=\"flow4\" name=\"老板审批\" sourceRef=\"usertask3\"\r\n                      targetRef=\"endevent1\">\r\n\r\n        </sequenceFlow>\r\n    </process>\r\n    <!-- BPMN绘图规范定义部分（用来描述节点图标的大小和坐标） -->\r\n    <!--<bpmndi:BPMNDiagram id=\"BPMNDiagram_myProcess\">-->\r\n    <!--....-->\r\n    <!--</bpmndi:BPMNDiagram>-->\r\n</definitions>',0),('17502',1,'Interview.bpmn.xml','17501','<definitions xmlns=\"http://www.omg.org/spec/BPMN/20100524/MODEL\"\r\n             xmlns:activiti=\"http://activiti.org/bpmn\"\r\n             targetNamespace=\"Examples\">\r\n    <!-- 流程定义部分 -->\r\n    <process id=\"myProcess\" name=\"My First Process\">\r\n        <startEvent id=\"startevent1\" name=\"Start\">\r\n\r\n        </startEvent>\r\n        <endEvent id=\"endevent1\" name=\"End\">\r\n\r\n        </endEvent>\r\n        <userTask id=\"usertask1\" name=\"员工申请请假\" activiti:assignee=\"员工\">\r\n\r\n        </userTask>\r\n        <userTask id=\"usertask2\" name=\"部门经理审批\" activiti:assignee=\"经理\">\r\n\r\n        </userTask>\r\n        <userTask id=\"usertask3\" name=\"老板审批\" activiti:assignee=\"老板\">\r\n\r\n        </userTask>\r\n        <sequenceFlow id=\"flow1\" sourceRef=\"startevent1\" targetRef=\"usertask1\">\r\n\r\n        </sequenceFlow>\r\n        <sequenceFlow id=\"flow2\" name=\"提交申请\" sourceRef=\"usertask1\"\r\n                      targetRef=\"usertask2\">\r\n\r\n        </sequenceFlow>\r\n        <sequenceFlow id=\"flow3\" name=\"经理审批\" sourceRef=\"usertask2\"\r\n                      targetRef=\"usertask3\">\r\n\r\n        </sequenceFlow>\r\n        <sequenceFlow id=\"flow4\" name=\"老板审批\" sourceRef=\"usertask3\"\r\n                      targetRef=\"endevent1\">\r\n\r\n        </sequenceFlow>\r\n    </process>\r\n    <!-- BPMN绘图规范定义部分（用来描述节点图标的大小和坐标） -->\r\n    <!--<bpmndi:BPMNDiagram id=\"BPMNDiagram_myProcess\">-->\r\n    <!--....-->\r\n    <!--</bpmndi:BPMNDiagram>-->\r\n</definitions>',0),('20002',1,'Interview.bpmn.xml','20001','<definitions xmlns=\"http://www.omg.org/spec/BPMN/20100524/MODEL\"\r\n             xmlns:activiti=\"http://activiti.org/bpmn\"\r\n             targetNamespace=\"Examples\">\r\n    <!-- 流程定义部分 -->\r\n    <process id=\"myProcess\" name=\"My First Process\">\r\n        <startEvent id=\"startevent1\" name=\"Start\">\r\n\r\n        </startEvent>\r\n        <endEvent id=\"endevent1\" name=\"End\">\r\n\r\n        </endEvent>\r\n        <userTask id=\"usertask1\" name=\"员工申请请假\" activiti:assignee=\"员工\">\r\n\r\n        </userTask>\r\n        <userTask id=\"usertask2\" name=\"部门经理审批\" activiti:assignee=\"经理\">\r\n\r\n        </userTask>\r\n        <userTask id=\"usertask3\" name=\"老板审批\" activiti:assignee=\"老板\">\r\n\r\n        </userTask>\r\n        <sequenceFlow id=\"flow1\" sourceRef=\"startevent1\" targetRef=\"usertask1\">\r\n\r\n        </sequenceFlow>\r\n        <sequenceFlow id=\"flow2\" name=\"提交申请\" sourceRef=\"usertask1\"\r\n                      targetRef=\"usertask2\">\r\n\r\n        </sequenceFlow>\r\n        <sequenceFlow id=\"flow3\" name=\"经理审批\" sourceRef=\"usertask2\"\r\n                      targetRef=\"usertask3\">\r\n\r\n        </sequenceFlow>\r\n        <sequenceFlow id=\"flow4\" name=\"老板审批\" sourceRef=\"usertask3\"\r\n                      targetRef=\"endevent1\">\r\n\r\n        </sequenceFlow>\r\n    </process>\r\n    <!-- BPMN绘图规范定义部分（用来描述节点图标的大小和坐标） -->\r\n    <!--<bpmndi:BPMNDiagram id=\"BPMNDiagram_myProcess\">-->\r\n    <!--....-->\r\n    <!--</bpmndi:BPMNDiagram>-->\r\n</definitions>',0),('2502',1,'Interview.bpmn.xml','2501','<?xml version=\"1.0\" encoding=\"UTF-8\"?>\r\n<definitions xmlns=\"http://www.omg.org/spec/BPMN/20100524/MODEL\"\r\n             xmlns:activiti=\"http://activiti.org/bpmn\"\r\n             xmlns:xsi=\"http://www.w3.org/2001/XMLSchema-instance\"\r\n             targetNamespace=\"Examples\"\r\n             xsi:schemaLocation=\"http://www.omg.org/spec/BPMN/20100524/MODEL\r\n             http://www.omg.org/spec/BPMN/2.0/20100501/BPMN20.xsd\">\r\n  <process id=\"Interview\" name=\"某公司2012年实习生招聘流程\">\r\n    <documentation>招聘工作流程</documentation>\r\n    <startEvent id=\"start\" name=\"实习生招聘启动\"/>\r\n    <userTask id=\"bishi\" name=\"笔试\" activiti:candidateGroups=\"人力资源部\"/>\r\n    <sequenceFlow id=\"flow1\" name=\"\" sourceRef=\"start\" targetRef=\"bishi\"/>\r\n    <userTask id=\"yimian\" name=\"技术一面\" activiti:candidateGroups=\"技术部\"/>\r\n    <sequenceFlow id=\"flow2\" name=\"\" sourceRef=\"bishi\" targetRef=\"yimian\"/>\r\n    <userTask id=\"ermian\" name=\"技术二面\" activiti:candidateGroups=\"技术部\"/>\r\n    <sequenceFlow id=\"flow3\" name=\"\" sourceRef=\"yimian\" targetRef=\"ermian\"/>\r\n    <userTask id=\"hrmian\" name=\"HR面\" activiti:candidateGroups=\"人力资源部\"/>\r\n    <sequenceFlow id=\"flow4\" name=\"\" sourceRef=\"ermian\" targetRef=\"hrmian\"/>\r\n    <userTask id=\"luyong\" name=\"录用，发放Offer\" activiti:candidateGroups=\"人力资源部\"/>\r\n    <sequenceFlow id=\"flow5\" name=\"\" sourceRef=\"hrmian\" targetRef=\"luyong\"/>\r\n    <endEvent id=\"end\" name=\"实习生招聘结束\"/>\r\n    <sequenceFlow id=\"flow6\" name=\"\" sourceRef=\"luyong\" targetRef=\"end\"/>\r\n  </process>\r\n\r\n</definitions>',0),('37502',1,'D:\\Develop\\Projects\\SSHProjectTemplate\\target\\classes\\leave.bpmn','37501','<?xml version=\"1.0\" encoding=\"UTF-8\"?>\n<definitions xmlns=\"http://www.omg.org/spec/BPMN/20100524/MODEL\" xmlns:xsi=\"http://www.w3.org/2001/XMLSchema-instance\" xmlns:xsd=\"http://www.w3.org/2001/XMLSchema\" xmlns:activiti=\"http://activiti.org/bpmn\" xmlns:bpmndi=\"http://www.omg.org/spec/BPMN/20100524/DI\" xmlns:omgdc=\"http://www.omg.org/spec/DD/20100524/DC\" xmlns:omgdi=\"http://www.omg.org/spec/DD/20100524/DI\" typeLanguage=\"http://www.w3.org/2001/XMLSchema\" expressionLanguage=\"http://www.w3.org/1999/XPath\" targetNamespace=\"http://www.activiti.org/test\">\n  <process id=\"LeaveFlow\" name=\"请假流程\" isExecutable=\"true\">\n    <startEvent id=\"startevent1\" name=\"Start\"></startEvent>\n    <endEvent id=\"endevent1\" name=\"End\"></endEvent>\n    <userTask id=\"usertask2\" name=\"部门经理审批\" activiti:assignee=\"经理\"></userTask>\n    <userTask id=\"usertask4\" name=\"员工请假申请\" activiti:assignee=\"员工\"></userTask>\n    <sequenceFlow id=\"flow1\" sourceRef=\"startevent1\" targetRef=\"usertask4\"></sequenceFlow>\n    <sequenceFlow id=\"flow2\" name=\"提交申请\" sourceRef=\"usertask4\" targetRef=\"usertask2\"></sequenceFlow>\n    <userTask id=\"usertask5\" name=\"老板审批\" activiti:assignee=\"老板\"></userTask>\n    <sequenceFlow id=\"flow4\" name=\"经理审批\" sourceRef=\"usertask2\" targetRef=\"usertask5\"></sequenceFlow>\n    <sequenceFlow id=\"flow5\" name=\"老板审批\" sourceRef=\"usertask5\" targetRef=\"endevent1\"></sequenceFlow>\n  </process>\n  <bpmndi:BPMNDiagram id=\"BPMNDiagram_LeaveFlow\">\n    <bpmndi:BPMNPlane bpmnElement=\"LeaveFlow\" id=\"BPMNPlane_LeaveFlow\">\n      <bpmndi:BPMNShape bpmnElement=\"startevent1\" id=\"BPMNShape_startevent1\">\n        <omgdc:Bounds height=\"35.0\" width=\"35.0\" x=\"245.0\" y=\"100.0\"></omgdc:Bounds>\n      </bpmndi:BPMNShape>\n      <bpmndi:BPMNShape bpmnElement=\"endevent1\" id=\"BPMNShape_endevent1\">\n        <omgdc:Bounds height=\"35.0\" width=\"35.0\" x=\"212.0\" y=\"580.0\"></omgdc:Bounds>\n      </bpmndi:BPMNShape>\n      <bpmndi:BPMNShape bpmnElement=\"usertask2\" id=\"BPMNShape_usertask2\">\n        <omgdc:Bounds height=\"55.0\" width=\"105.0\" x=\"440.0\" y=\"330.0\"></omgdc:Bounds>\n      </bpmndi:BPMNShape>\n      <bpmndi:BPMNShape bpmnElement=\"usertask4\" id=\"BPMNShape_usertask4\">\n        <omgdc:Bounds height=\"55.0\" width=\"105.0\" x=\"175.0\" y=\"251.0\"></omgdc:Bounds>\n      </bpmndi:BPMNShape>\n      <bpmndi:BPMNShape bpmnElement=\"usertask5\" id=\"BPMNShape_usertask5\">\n        <omgdc:Bounds height=\"55.0\" width=\"105.0\" x=\"141.0\" y=\"438.0\"></omgdc:Bounds>\n      </bpmndi:BPMNShape>\n      <bpmndi:BPMNEdge bpmnElement=\"flow1\" id=\"BPMNEdge_flow1\">\n        <omgdi:waypoint x=\"262.0\" y=\"135.0\"></omgdi:waypoint>\n        <omgdi:waypoint x=\"227.0\" y=\"251.0\"></omgdi:waypoint>\n      </bpmndi:BPMNEdge>\n      <bpmndi:BPMNEdge bpmnElement=\"flow2\" id=\"BPMNEdge_flow2\">\n        <omgdi:waypoint x=\"227.0\" y=\"306.0\"></omgdi:waypoint>\n        <omgdi:waypoint x=\"492.0\" y=\"330.0\"></omgdi:waypoint>\n        <bpmndi:BPMNLabel>\n          <omgdc:Bounds height=\"14.0\" width=\"100.0\" x=\"289.0\" y=\"304.0\"></omgdc:Bounds>\n        </bpmndi:BPMNLabel>\n      </bpmndi:BPMNEdge>\n      <bpmndi:BPMNEdge bpmnElement=\"flow4\" id=\"BPMNEdge_flow4\">\n        <omgdi:waypoint x=\"492.0\" y=\"385.0\"></omgdi:waypoint>\n        <omgdi:waypoint x=\"193.0\" y=\"438.0\"></omgdi:waypoint>\n        <bpmndi:BPMNLabel>\n          <omgdc:Bounds height=\"14.0\" width=\"100.0\" x=\"373.0\" y=\"429.0\"></omgdc:Bounds>\n        </bpmndi:BPMNLabel>\n      </bpmndi:BPMNEdge>\n      <bpmndi:BPMNEdge bpmnElement=\"flow5\" id=\"BPMNEdge_flow5\">\n        <omgdi:waypoint x=\"193.0\" y=\"493.0\"></omgdi:waypoint>\n        <omgdi:waypoint x=\"229.0\" y=\"580.0\"></omgdi:waypoint>\n        <bpmndi:BPMNLabel>\n          <omgdc:Bounds height=\"14.0\" width=\"100.0\" x=\"232.0\" y=\"540.0\"></omgdc:Bounds>\n        </bpmndi:BPMNLabel>\n      </bpmndi:BPMNEdge>\n    </bpmndi:BPMNPlane>\n  </bpmndi:BPMNDiagram>\n</definitions>',0),('37503',1,'D:\\Develop\\Projects\\SSHProjectTemplate\\target\\classes\\leave.LeaveFlow.png','37501','PNG\r\n\Z\n\0\0\0\rIHDR\0\0+\0\0q\0\0\0\0\0\"iIDATx]uqQ|3gYUcYꪫ3匭:Vn{nQh1F(H]fdDE4FSl4VDD@M`H$/<ΣϿS!v*_9\0\0\0\0\0\0\0\0\0\0\0\0\0\0\0\0\0\0\0\0\0\0\0\0\0\0\0\0\0\0\0\0\0\0\0\0\0\0\0\0\0\0\0\0\0\0\0\0\0\0\0\0\0\0\0\0\0\0\0\0\0\0\0\0\0\0\0\0\0\0\0\0\0\0\0\0\0\0\0\0\0\0\0\0\0\0\0\0\0\0\0\0\0\0\0\0\0\0\0\0\0\0\0\0\0\0\0\0\0\0\0\0\0\0\0\0\0\0\0\0\0\0\0\0\0\0\0\0\0\0\0\0\0\0\0\0\0\0\0\0\0\0\0\0\0\0\0\0\0\0\0\0\0\0\0\0\0\0\0\0\0\0\0\0\0\0\0\0\0\0\0\0\0\0\0\0\0\0\0\0\0\0\0\0\0\0\0\0\0\0\0\0\0\0\0\0\0\0\0\0\0\0\0\0\0\0\0\0\0\0\0\0\0\0\0?AӦM{UW]uE]?IwttTfstww>/_;Z5\0`M>\\p/&Nǈj֬YխZW;wmذ۫sV]vY?eu3mmmG[I\0`DM2s=38_9۷o,YRwy4i3<\n\0?_W-[Tֲe˪gu֬Fq\09};oj$mڴꪫwuur\0+T&Ope\\wuO8,/\0AK~AF9\0t1mF[n7Z|R\08s9t1X?x_Q\0>*#C׷jgYz\'\0}J͜9˧?+x\'\0-N]Xߵ+\0^f̘qIBn}{\0tSٳg+_~\0\'mҥ4#\0n&M},6;k׮XY\0vQܹAJ\0v!b\0؋#+\0@rfef\0\'>WX˧{G\0ݤ}V̙>++\0\0ꪫ.>}z2y+m\0`7SN=NCXI$\0>7.-VʟEqw\0اs9G?pa޲eˎVN\0\0Ú4iŋy\\tE6+\0~uww3<sƍ,T~*7F\0\0p@guw.cq:ےN`v駟~^}4CgWW}eYN\0!8s̙3Pj\0%}2gĉ}_W֎5*ԏ#*\0DX }J{h?>.u\n\00Ѳ/;\\{;^uUєf9ç~\0Q\"#bcZ_3Ioo/{Ɇ\r֥\'{-δ6|\0L#B.p__wT&\'馄\0\"BocY	\0 XP̕V\05Vi%\0\\cVb+\0d,J\0\0YP9%V\05V=W\0kEq\0\03mڴF<h4e5\0D4b+\0d)B]1_\0@tf+\0\Z+DJ\0\0|jF\0d#V~b%\0,e(>o%\0,5F4\0kh<J\0\0ىHo+V\0RQXm%\0\\c҈\0,ojoo?J\0\0i4\ZX_n5\0Ef++\0d)B;\Z+\0\Z+s\0\0rVV\0NGG\"Vlkk;j\0\0ىPEV\05V>Y+\0\Z+ߏ`%\0\\cem_Z	\0 ;Vy*}V\0RJ3J\0\0bζ\0@$J\0\0~|Fq\0\0j^]ŭV\0RY\0@\"Ty\0\0r_E2+\0dj=3bӦM{\0\0reJ\0\0Y*+X	\0 KfsNۭ\0kh4\0@v\"R^r\0\0TEGYa%\0\\c+\0@O#V`%\0xO\0(^r\0\0rF|J\0\0YP,Ӭ\0k+\0dh<((\0d\'Bf9J\0\0YP(B+\0\Z+?V\0Qz,\0@v\'\'\0k\r+\0d)BeF\0k<uV\0Nrr\0\0S\"V~j%\0\\c#EQ|J\0\04͖\0\0roQ/\0@v&N_#V[	\0 KeY(\0k\\I+\0\Z+Z[\0iӦ=l>bV\0NGG˲J\0\0YP9#V\0RQWGL\0@rkz\0\0h4IwZ~\0\0g%\0,EqNYJ\0\0\"Vڭ\0fy_z\0\0rYk%\0\\ceB,+\0d(ʲ<J\0\0Yj6#Vl%\0촵)gV\0Nʫb[	\0 X9+߬\0k\\s\0\0reYw+\0dh<=BeS|}\0\0fJ\0\0YP9(K\0k̎Xy\0\0rX	\0 ;V*\02E+\0\Z+GL\0@OJ\0\0i4\ZOX|\'?j\0\0iZ(_X	\0 KeY?bKV\0]ټ(k(S\"P^xx|\0rj<WXBD?k\0:c{nM+\0,(66\ZY%\0Xf?r\0jUÜbu\0ڥ<nkmmmG[\0 \'w9c\n\0S\\1+]P\0+]eY>cZ\0 ?F+c5\0`K><d0բE#Z\nŋWնmLF~ꦛn}?\0ulY\'#V:#\n򞈕~R8b#ARI@`6?k5ՊwMzb\0j7U_򆩻Mz.&(\n\0\Z+W`P߭-(\n\0++otXI	\n\0iJzMP\0+b\0p>3\\XZceՒ++\0Pkl軵Z>ϥXZc%?vXIω	\0֭ժP<^b\0jCK]l\n\0}lZYmǇ\rIߓQ\0c+:(XZc`(+\00r28C\0Ɗ+\0 VX\0\"V\0@\0bEI@\0bň\0+b\0LX# V\\\0+bE\0 VĊX\0\"V\n\0\0bE\08b1>,V\0 X1b\0ĊX\0b\n\0\0bň\0+gܹb\0b͛7W]]]UٜWV<?\0̙3Pyg51uzY3mڴ)@lYIq+Ѳ.ELFqh\0ĊtZ(b}+s˲t\0bditd\"\0Ċ]v\0b>+N V̸\"\0Ċ7;:]@ϟ/\"VvσE\0dgѢEkEAul8]@,X>nݺ?P\'fB?\'NPetC>d1Xy(2}ht\0pбFu\0ce话.\0=t\0ut\0ce(\0:>\r4N\0E\0t\008]\0N\0E\0t\00n8]\0N\0E\0t\00n8]\0+N\0E\0t\008]\0N\0E\02NUUu]wuҥK?~c2jѢEL\'\nQ*/m۶fM7	$0&r<]e[OOJz\0EҩQDڍ颎ƿEt} >V*B\0H.ЙVG+XSݵjE&=Nω	\0}(Ƙ*wc|}ʃί~y&=^b\0q;RK:Zs8z\n݊قB\0tQ2d\'jac%&(\n\0=NmG2+{\r+5A!V\0tuu=)be`+b\0j~Bep=gΜe>3\\XCR&bە1חeyY|ڲe~\\ac%&(\n\0h?O\r;_n肽Os5A!V\0`pwڽb%=\'&\n\0+[V~<cS@\\zMP\0-Vw,bkVkv+\00ukfՂ궹6T\'}O^GY\n\0Ih,b\0j9,C\0\0\Z+F\0X1b\0ĊX\0b\n\0\'\0b\n\0#V\0@\0+#3sb\0Xs.V\0@X+b\0ĊX+\0 V\n\0\"V\0ȊX\\cň\0+b\0Ċ+\0 V\n\0#V\0@\0bE\0X1b\0ܹsX4\Z\'E~͛EX5ͿbeYq\r7\0iZ/(爓;늘s_\r\0c.bEQL@i}1yվW\0@yrI3;Bec|Zzk<sbE\06mc˲|sW\"N3\"en<ԃw\0#&F9CFw͟?_=ES@\"Hј_>EL[++	\0 KrʟeyZLOɆ(o\Zco_p֭8J\n{b&\0@6ڎnZo8.恘Y1N<\',nHG,&+\n\0(%6fIFYV\0M#L+zG\'[\0PgF\'dq̺+b^ge\0ڤMxgD́P>)]bu\0Qw1_?f~O4\0@mʲ|I\'wG\Z?\\+\0Ԧ/\"L>,/WX\06\'|S\"JZ1s}ybt\0bƁojq\rLbu\0ڴZWF\\6p\'@:ce\0ڤb#JΎ-],sQk+\0(O(yWYǍR<~cFƁ\0\0鲓olݘj4\ZO:\0@m1Wl}ߝ·2\0@mxaD1ן[\06zGL(qx|y|}\0j	1On\0騲,a1qOʩFK\0&b&DsK<H|}\0\"H>EQ\\\Z2+\0ԦeYN8n&7\0jh4j\Zaegt\0ja?b>q&fi<r\0jjArnɯb~9{\0j3bn@Yx7V\0MA`Qo9%P\0\0 tdtD%V\0M$]{qrg|]I@++\0&b;(?/s12\0@\"2(i\0\"[NiGوiٴӬ\0jt/tO=zҽz\0Pt㘏rƟJw;2\0@mN9?+򴘞\rEQ\\/eu\0Zjqrmb&xO:\0@mxmDɿĬY~ox\0j1ʲ=V+\0&b\'8Y.折Y\06z(Q2s:oůOJקX\0.GE]̗crzGG,\r\0P,_sq\'E<\0\0F,lV\0\'V̜t_ooo?!ݯ\0\0q[blsC<.SX\06V&\rIz>NX\06؈cnK\\h4ʌ)_XPku\0򴈒we }ܸ(/7<ƍG-Vh\0Bwwe\'\'ذ1h4`u\n\0&mqseLi+|+#V\06EQ0䂘UO㭌Xڜza2)1k5VF\0hn	1On_4pDK><d0բExFƍ):-?,7?1qOʩF\Z\0R\nŋWնmLF~ꦛn}˄}QJGG>G4{bn\'\0#*B%`ӳr2{ T&P>EQ\\\Z2?\0+ԏ({\"Vv}\"87$T(ZggSxn^q`<J{{8q+]!jH\\G욈c>px~ײ\0ZvM]JDȌ}<2y\0Qƾj_0uIϥJȴʮq=\n\0Gl^Bep~bX9O4\0Gdac%&(F?VʲeHlbe\r\08\"ceyϴac%&(kUb^Z\0ĊX2V\0b%&(\n\0\Z+\\9lXZceC߭])x.&(\n\0\Z+iٵ{JzNL\0?VnVxާ+\0P[jXrŰ׬b+V\0`cejͪms?>lN\0X9GY\n\0\Z+s4eGYXQ\rb\0F5VX\0b\n\0\0bň\0+bO*\0bň\0+F\0X+\0 Vf?o3V\0+=7گ\0+bE\0X+\0 VĊX\0\"V\0@\0bG\n\0IĊ+\0 V\n\0#V\0@\0+F\0X1b\0ĊX\0b\n\0\0bň\0+F\0X+\0 VX\0\"V\0@\0? {X\'#֢EL[++pZ`.\\up$e˖qsD%Joo=1pDO{_N7#Tg޼yiV?X)T\0l6olZo\0@ʲ<7r+\0dj:be\0\0ruT\\\\K\0d,oEq\0\0B%\0\0NSA(\0d)bWb[+\0d)}|(s\01\\+\0d+W\0d\0@l\0d\0@l\0\0@l\0d\0@l\0d\0@l\0d\0@l\0d\0@l\0\0@l\0d\0@l\0d\0@l\0d\0@l\0d\0@l\0d\0@l\0\0@l\0d\0@l\0d\0@l\0d\0@l\0d\0@l\0\0@Fr)_XPku\0OHnp36Fu\0OHn/V\0Q1R[\0`Tb\0#X\0FHm@\0>\05[\0Y>\0;[\0yɭ\0FHn\00Fr}\0Q1R[\0z\0`T\0\0b\05\0f}\0 k\0rg}\0 o\0f}\0 k\0g}\0 k\0f}\0 kCo6h\0\0JqRj`jkk;\n\0u1=$N۬\0Pg|m?ReyU\0jh4Iץ\'X&X%\0V]]].X\\\\\0da`5{ʃ.\0j^+ˬ\n\0tDe V\"\0@vʲlPccVqz(.IQW>m\0Q~BFp8>fG.׸\0\0#n`ke(tŪ\0#\"m6pd.vbŊj͚5C=T%۷o;9sW0}\n\0e`3FWWW}W-[TfͪL[E1]k	Cuعsg5gΜ]Gfb\\\0yD\Z#:u`y(<\0p@ר<K.FC%]2K/\0\0\ZώGTFSwrw\0ا(~1\Z<3M6UgyЋn?\0\06|G{1x\0ك><.첡Y\0tcŇH;w\0``(OeqP\0\0.c	I\0W<	^[=]Y\0\0z0S@{{ws;\0#0x:Mxg\0bnb\0o8\0+Y\0\0+rg%C\\\0v)rb;N:uhL\0\0ttt<w轁6mT*yg\0Gne̙c+3f\Z+xG\0=4iҤ1s__߮#:zw\0M[[\n\rìY,V.¡70w\0اGWґ*szgG˼\0\"fÇ?j˖-*K,OY\0`\Zq\rb黶PrQ-\0p芢x}HהlذaDOqDIXy\0ࠕeWҤ i;G.`\n\0వ1иH;҆oi=:#T\0G,˗+ﯾoV/Z\'(Lggԏi~D\\QÙ\'\0bB\r \']ri1Y>.i5eY+\"lnJ\0\0\0\0\0\0\0\0\0\0\0\0\0\0\0\0\0\'o6\0\0\0\0IENDB`',1),('5002',1,'Interview.bpmn.xml','5001','<?xml version=\"1.0\" encoding=\"UTF-8\"?>\r\n<definitions xmlns=\"http://www.omg.org/spec/BPMN/20100524/MODEL\"\r\n             xmlns:activiti=\"http://activiti.org/bpmn\"\r\n             xmlns:xsi=\"http://www.w3.org/2001/XMLSchema-instance\"\r\n             targetNamespace=\"Examples\"\r\n             xsi:schemaLocation=\"http://www.omg.org/spec/BPMN/20100524/MODEL\r\n             http://www.omg.org/spec/BPMN/2.0/20100501/BPMN20.xsd\">\r\n  <process id=\"Interview\" name=\"某公司2012年实习生招聘流程\">\r\n    <documentation>招聘工作流程</documentation>\r\n    <startEvent id=\"start\" name=\"实习生招聘启动\"/>\r\n    <userTask id=\"bishi\" name=\"笔试\" activiti:candidateGroups=\"人力资源部\"/>\r\n    <sequenceFlow id=\"flow1\" name=\"\" sourceRef=\"start\" targetRef=\"bishi\"/>\r\n    <userTask id=\"yimian\" name=\"技术一面\" activiti:candidateGroups=\"技术部\"/>\r\n    <sequenceFlow id=\"flow2\" name=\"\" sourceRef=\"bishi\" targetRef=\"yimian\"/>\r\n    <userTask id=\"ermian\" name=\"技术二面\" activiti:candidateGroups=\"技术部\"/>\r\n    <sequenceFlow id=\"flow3\" name=\"\" sourceRef=\"yimian\" targetRef=\"ermian\"/>\r\n    <userTask id=\"hrmian\" name=\"HR面\" activiti:candidateGroups=\"人力资源部\"/>\r\n    <sequenceFlow id=\"flow4\" name=\"\" sourceRef=\"ermian\" targetRef=\"hrmian\"/>\r\n    <userTask id=\"luyong\" name=\"录用，发放Offer\" activiti:candidateGroups=\"人力资源部\"/>\r\n    <sequenceFlow id=\"flow5\" name=\"\" sourceRef=\"hrmian\" targetRef=\"luyong\"/>\r\n    <endEvent id=\"end\" name=\"实习生招聘结束\"/>\r\n    <sequenceFlow id=\"flow6\" name=\"\" sourceRef=\"luyong\" targetRef=\"end\"/>\r\n  </process>\r\n\r\n</definitions>',0),('60002',1,'D:\\Develop\\Projects\\SSHProjectTemplate\\target\\zjcscut\\WEB-INF\\classes\\leave.bpmn','60001','<?xml version=\"1.0\" encoding=\"UTF-8\"?>\n<definitions xmlns=\"http://www.omg.org/spec/BPMN/20100524/MODEL\" xmlns:xsi=\"http://www.w3.org/2001/XMLSchema-instance\" xmlns:xsd=\"http://www.w3.org/2001/XMLSchema\" xmlns:activiti=\"http://activiti.org/bpmn\" xmlns:bpmndi=\"http://www.omg.org/spec/BPMN/20100524/DI\" xmlns:omgdc=\"http://www.omg.org/spec/DD/20100524/DC\" xmlns:omgdi=\"http://www.omg.org/spec/DD/20100524/DI\" typeLanguage=\"http://www.w3.org/2001/XMLSchema\" expressionLanguage=\"http://www.w3.org/1999/XPath\" targetNamespace=\"http://www.activiti.org/test\">\n  <process id=\"LeaveFlow\" name=\"请假流程\" isExecutable=\"true\">\n    <startEvent id=\"startevent1\" name=\"Start\"></startEvent>\n    <endEvent id=\"endevent1\" name=\"End\"></endEvent>\n    <userTask id=\"usertask2\" name=\"部门经理审批\" activiti:assignee=\"经理\"></userTask>\n    <userTask id=\"usertask4\" name=\"员工请假申请\" activiti:assignee=\"员工\"></userTask>\n    <sequenceFlow id=\"flow1\" sourceRef=\"startevent1\" targetRef=\"usertask4\"></sequenceFlow>\n    <sequenceFlow id=\"flow2\" name=\"提交申请\" sourceRef=\"usertask4\" targetRef=\"usertask2\"></sequenceFlow>\n    <userTask id=\"usertask5\" name=\"老板审批\" activiti:assignee=\"老板\"></userTask>\n    <sequenceFlow id=\"flow4\" name=\"经理审批\" sourceRef=\"usertask2\" targetRef=\"usertask5\"></sequenceFlow>\n    <sequenceFlow id=\"flow5\" name=\"老板审批\" sourceRef=\"usertask5\" targetRef=\"endevent1\"></sequenceFlow>\n  </process>\n  <bpmndi:BPMNDiagram id=\"BPMNDiagram_LeaveFlow\">\n    <bpmndi:BPMNPlane bpmnElement=\"LeaveFlow\" id=\"BPMNPlane_LeaveFlow\">\n      <bpmndi:BPMNShape bpmnElement=\"startevent1\" id=\"BPMNShape_startevent1\">\n        <omgdc:Bounds height=\"35.0\" width=\"35.0\" x=\"245.0\" y=\"100.0\"></omgdc:Bounds>\n      </bpmndi:BPMNShape>\n      <bpmndi:BPMNShape bpmnElement=\"endevent1\" id=\"BPMNShape_endevent1\">\n        <omgdc:Bounds height=\"35.0\" width=\"35.0\" x=\"212.0\" y=\"580.0\"></omgdc:Bounds>\n      </bpmndi:BPMNShape>\n      <bpmndi:BPMNShape bpmnElement=\"usertask2\" id=\"BPMNShape_usertask2\">\n        <omgdc:Bounds height=\"55.0\" width=\"105.0\" x=\"440.0\" y=\"330.0\"></omgdc:Bounds>\n      </bpmndi:BPMNShape>\n      <bpmndi:BPMNShape bpmnElement=\"usertask4\" id=\"BPMNShape_usertask4\">\n        <omgdc:Bounds height=\"55.0\" width=\"105.0\" x=\"175.0\" y=\"251.0\"></omgdc:Bounds>\n      </bpmndi:BPMNShape>\n      <bpmndi:BPMNShape bpmnElement=\"usertask5\" id=\"BPMNShape_usertask5\">\n        <omgdc:Bounds height=\"55.0\" width=\"105.0\" x=\"141.0\" y=\"438.0\"></omgdc:Bounds>\n      </bpmndi:BPMNShape>\n      <bpmndi:BPMNEdge bpmnElement=\"flow1\" id=\"BPMNEdge_flow1\">\n        <omgdi:waypoint x=\"262.0\" y=\"135.0\"></omgdi:waypoint>\n        <omgdi:waypoint x=\"227.0\" y=\"251.0\"></omgdi:waypoint>\n      </bpmndi:BPMNEdge>\n      <bpmndi:BPMNEdge bpmnElement=\"flow2\" id=\"BPMNEdge_flow2\">\n        <omgdi:waypoint x=\"227.0\" y=\"306.0\"></omgdi:waypoint>\n        <omgdi:waypoint x=\"492.0\" y=\"330.0\"></omgdi:waypoint>\n        <bpmndi:BPMNLabel>\n          <omgdc:Bounds height=\"14.0\" width=\"100.0\" x=\"289.0\" y=\"304.0\"></omgdc:Bounds>\n        </bpmndi:BPMNLabel>\n      </bpmndi:BPMNEdge>\n      <bpmndi:BPMNEdge bpmnElement=\"flow4\" id=\"BPMNEdge_flow4\">\n        <omgdi:waypoint x=\"492.0\" y=\"385.0\"></omgdi:waypoint>\n        <omgdi:waypoint x=\"193.0\" y=\"438.0\"></omgdi:waypoint>\n        <bpmndi:BPMNLabel>\n          <omgdc:Bounds height=\"14.0\" width=\"100.0\" x=\"373.0\" y=\"429.0\"></omgdc:Bounds>\n        </bpmndi:BPMNLabel>\n      </bpmndi:BPMNEdge>\n      <bpmndi:BPMNEdge bpmnElement=\"flow5\" id=\"BPMNEdge_flow5\">\n        <omgdi:waypoint x=\"193.0\" y=\"493.0\"></omgdi:waypoint>\n        <omgdi:waypoint x=\"229.0\" y=\"580.0\"></omgdi:waypoint>\n        <bpmndi:BPMNLabel>\n          <omgdc:Bounds height=\"14.0\" width=\"100.0\" x=\"232.0\" y=\"540.0\"></omgdc:Bounds>\n        </bpmndi:BPMNLabel>\n      </bpmndi:BPMNEdge>\n    </bpmndi:BPMNPlane>\n  </bpmndi:BPMNDiagram>\n</definitions>',0),('60003',1,'D:\\Develop\\Projects\\SSHProjectTemplate\\target\\zjcscut\\WEB-INF\\classes\\leave.LeaveFlow.png','60001','PNG\r\n\Z\n\0\0\0\rIHDR\0\0+\0\0q\0\0\0\0\0\"iIDATx]uqQ|3gYUcYꪫ3匭:Vn{nQh1F(H]fdDE4FSl4VDD@M`H$/<ΣϿS!v*_9\0\0\0\0\0\0\0\0\0\0\0\0\0\0\0\0\0\0\0\0\0\0\0\0\0\0\0\0\0\0\0\0\0\0\0\0\0\0\0\0\0\0\0\0\0\0\0\0\0\0\0\0\0\0\0\0\0\0\0\0\0\0\0\0\0\0\0\0\0\0\0\0\0\0\0\0\0\0\0\0\0\0\0\0\0\0\0\0\0\0\0\0\0\0\0\0\0\0\0\0\0\0\0\0\0\0\0\0\0\0\0\0\0\0\0\0\0\0\0\0\0\0\0\0\0\0\0\0\0\0\0\0\0\0\0\0\0\0\0\0\0\0\0\0\0\0\0\0\0\0\0\0\0\0\0\0\0\0\0\0\0\0\0\0\0\0\0\0\0\0\0\0\0\0\0\0\0\0\0\0\0\0\0\0\0\0\0\0\0\0\0\0\0\0\0\0\0\0\0\0\0\0\0\0\0\0\0\0\0\0\0\0\0\0\0?AӦM{UW]uE]?IwttTfstww>/_;Z5\0`M>\\p/&Nǈj֬YխZW;wmذ۫sV]vY?eu3mmmG[I\0`DM2s=38_9۷o,YRwy4i3<\n\0?_W-[Tֲe˪gu֬Fq\09};oj$mڴꪫwuur\0+T&Ope\\wuO8,/\0AK~AF9\0t1mF[n7Z|R\08s9t1X?x_Q\0>*#C׷jgYz\'\0}J͜9˧?+x\'\0-N]Xߵ+\0^f̘qIBn}{\0tSٳg+_~\0\'mҥ4#\0n&M},6;k׮XY\0vQܹAJ\0v!b\0؋#+\0@rfef\0\'>WX˧{G\0ݤ}V̙>++\0\0ꪫ.>}z2y+m\0`7SN=NCXI$\0>7.-VʟEqw\0اs9G?pa޲eˎVN\0\0Ú4iŋy\\tE6+\0~uww3<sƍ,T~*7F\0\0p@guw.cq:ےN`v駟~^}4CgWW}eYN\0!8s̙3Pj\0%}2gĉ}_W֎5*ԏ#*\0DX }J{h?>.u\n\00Ѳ/;\\{;^uUєf9ç~\0Q\"#bcZ_3Ioo/{Ɇ\r֥\'{-δ6|\0L#B.p__wT&\'馄\0\"BocY	\0 XP̕V\05Vi%\0\\cVb+\0d,J\0\0YP9%V\05V=W\0kEq\0\03mڴF<h4e5\0D4b+\0d)B]1_\0@tf+\0\Z+DJ\0\0|jF\0d#V~b%\0,e(>o%\0,5F4\0kh<J\0\0ىHo+V\0RQXm%\0\\c҈\0,ojoo?J\0\0i4\ZX_n5\0Ef++\0d)B;\Z+\0\Z+s\0\0rVV\0NGG\"Vlkk;j\0\0ىPEV\05V>Y+\0\Z+ߏ`%\0\\cem_Z	\0 ;Vy*}V\0RJ3J\0\0bζ\0@$J\0\0~|Fq\0\0j^]ŭV\0RY\0@\"Ty\0\0r_E2+\0dj=3bӦM{\0\0reJ\0\0Y*+X	\0 KfsNۭ\0kh4\0@v\"R^r\0\0TEGYa%\0\\c+\0@O#V`%\0xO\0(^r\0\0rF|J\0\0YP,Ӭ\0k+\0dh<((\0d\'Bf9J\0\0YP(B+\0\Z+?V\0Qz,\0@v\'\'\0k\r+\0d)BeF\0k<uV\0Nrr\0\0S\"V~j%\0\\c#EQ|J\0\04͖\0\0roQ/\0@v&N_#V[	\0 KeY(\0k\\I+\0\Z+Z[\0iӦ=l>bV\0NGG˲J\0\0YP9#V\0RQWGL\0@rkz\0\0h4IwZ~\0\0g%\0,EqNYJ\0\0\"Vڭ\0fy_z\0\0rYk%\0\\ceB,+\0d(ʲ<J\0\0Yj6#Vl%\0촵)gV\0Nʫb[	\0 X9+߬\0k\\s\0\0reYw+\0dh<=BeS|}\0\0fJ\0\0YP9(K\0k̎Xy\0\0rX	\0 ;V*\02E+\0\Z+GL\0@OJ\0\0i4\ZOX|\'?j\0\0iZ(_X	\0 KeY?bKV\0]ټ(k(S\"P^xx|\0rj<WXBD?k\0:c{nM+\0,(66\ZY%\0Xf?r\0jUÜbu\0ڥ<nkmmmG[\0 \'w9c\n\0S\\1+]P\0+]eY>cZ\0 ?F+c5\0`K><d0բE#Z\nŋWնmLF~ꦛn}?\0ulY\'#V:#\n򞈕~R8b#ARI@`6?k5ՊwMzb\0j7U_򆩻Mz.&(\n\0\Z+W`P߭-(\n\0++otXI	\n\0iJzMP\0+b\0p>3\\XZceՒ++\0Pkl軵Z>ϥXZc%?vXIω	\0֭ժP<^b\0jCK]l\n\0}lZYmǇ\rIߓQ\0c+:(XZc`(+\00r28C\0Ɗ+\0 VX\0\"V\0@\0bEI@\0bň\0+b\0LX# V\\\0+bE\0 VĊX\0\"V\n\0\0bE\08b1>,V\0 X1b\0ĊX\0b\n\0\0bň\0+gܹb\0b͛7W]]]UٜWV<?\0̙3Pyg51uzY3mڴ)@lYIq+Ѳ.ELFqh\0ĊtZ(b}+s˲t\0bditd\"\0Ċ]v\0b>+N V̸\"\0Ċ7;:]@ϟ/\"VvσE\0dgѢEkEAul8]@,X>nݺ?P\'fB?\'NPetC>d1Xy(2}ht\0pбFu\0ce话.\0=t\0ut\0ce(\0:>\r4N\0E\0t\008]\0N\0E\0t\00n8]\0N\0E\0t\00n8]\0+N\0E\0t\008]\0N\0E\02NUUu]wuҥK?~c2jѢEL\'\nQ*/m۶fM7	$0&r<]e[OOJz\0EҩQDڍ颎ƿEt} >V*B\0H.ЙVG+XSݵjE&=Nω	\0}(Ƙ*wc|}ʃί~y&=^b\0q;RK:Zs8z\n݊قB\0tQ2d\'jac%&(\n\0=NmG2+{\r+5A!V\0tuu=)be`+b\0j~Bep=gΜe>3\\XCR&bە1חeyY|ڲe~\\ac%&(\n\0h?O\r;_n肽Os5A!V\0`pwڽb%=\'&\n\0+[V~<cS@\\zMP\0-Vw,bkVkv+\00ukfՂ궹6T\'}O^GY\n\0Ih,b\0j9,C\0\0\Z+F\0X1b\0ĊX\0b\n\0\'\0b\n\0#V\0@\0+#3sb\0Xs.V\0@X+b\0ĊX+\0 V\n\0\"V\0ȊX\\cň\0+b\0Ċ+\0 V\n\0#V\0@\0bE\0X1b\0ܹsX4\Z\'E~͛EX5ͿbeYq\r7\0iZ/(爓;늘s_\r\0c.bEQL@i}1yվW\0@yrI3;Bec|Zzk<sbE\06mc˲|sW\"N3\"en<ԃw\0#&F9CFw͟?_=ES@\"Hј_>EL[++	\0 KrʟeyZLOɆ(o\Zco_p֭8J\n{b&\0@6ڎnZo8.恘Y1N<\',nHG,&+\n\0(%6fIFYV\0M#L+zG\'[\0PgF\'dq̺+b^ge\0ڤMxgD́P>)]bu\0Qw1_?f~O4\0@mʲ|I\'wG\Z?\\+\0Ԧ/\"L>,/WX\06\'|S\"JZ1s}ybt\0bƁojq\rLbu\0ڴZWF\\6p\'@:ce\0ڤb#JΎ-],sQk+\0(O(yWYǍR<~cFƁ\0\0鲓olݘj4\ZO:\0@m1Wl}ߝ·2\0@mxaD1ן[\06zGL(qx|y|}\0j	1On\0騲,a1qOʩFK\0&b&DsK<H|}\0\"H>EQ\\\Z2+\0ԦeYN8n&7\0jh4j\Zaegt\0ja?b>q&fi<r\0jjArnɯb~9{\0j3bn@Yx7V\0MA`Qo9%P\0\0 tdtD%V\0M$]{qrg|]I@++\0&b;(?/s12\0@\"2(i\0\"[NiGوiٴӬ\0jt/tO=zҽz\0Pt㘏rƟJw;2\0@mN9?+򴘞\rEQ\\/eu\0Zjqrmb&xO:\0@mxmDɿĬY~ox\0j1ʲ=V+\0&b\'8Y.折Y\06z(Q2s:oůOJקX\0.GE]̗crzGG,\r\0P,_sq\'E<\0\0F,lV\0\'V̜t_ooo?!ݯ\0\0q[blsC<.SX\06V&\rIz>NX\06؈cnK\\h4ʌ)_XPku\0򴈒we }ܸ(/7<ƍG-Vh\0Bwwe\'\'ذ1h4`u\n\0&mqseLi+|+#V\06EQ0䂘UO㭌Xڜza2)1k5VF\0hn	1On_4pDK><d0բExFƍ):-?,7?1qOʩF\Z\0R\nŋWնmLF~ꦛn}˄}QJGG>G4{bn\'\0#*B%`ӳr2{ T&P>EQ\\\Z2?\0+ԏ({\"Vv}\"87$T(ZggSxn^q`<J{{8q+]!jH\\G욈c>px~ײ\0ZvM]JDȌ}<2y\0Qƾj_0uIϥJȴʮq=\n\0Gl^Bep~bX9O4\0Gdac%&(F?VʲeHlbe\r\08\"ceyϴac%&(kUb^Z\0ĊX2V\0b%&(\n\0\Z+\\9lXZceC߭])x.&(\n\0\Z+iٵ{JzNL\0?VnVxާ+\0P[jXrŰ׬b+V\0`cejͪms?>lN\0X9GY\n\0\Z+s4eGYXQ\rb\0F5VX\0b\n\0\0bň\0+bO*\0bň\0+F\0X+\0 Vf?o3V\0+=7گ\0+bE\0X+\0 VĊX\0\"V\0@\0bG\n\0IĊ+\0 V\n\0#V\0@\0+F\0X1b\0ĊX\0b\n\0\0bň\0+F\0X+\0 VX\0\"V\0@\0? {X\'#֢EL[++pZ`.\\up$e˖qsD%Joo=1pDO{_N7#Tg޼yiV?X)T\0l6olZo\0@ʲ<7r+\0dj:be\0\0ruT\\\\K\0d,oEq\0\0B%\0\0NSA(\0d)bWb[+\0d)}|(s\01\\+\0d+W\0d\0@l\0d\0@l\0\0@l\0d\0@l\0d\0@l\0d\0@l\0d\0@l\0\0@l\0d\0@l\0d\0@l\0d\0@l\0d\0@l\0d\0@l\0\0@l\0d\0@l\0d\0@l\0d\0@l\0d\0@l\0\0@Fr)_XPku\0OHnp36Fu\0OHn/V\0Q1R[\0`Tb\0#X\0FHm@\0>\05[\0Y>\0;[\0yɭ\0FHn\00Fr}\0Q1R[\0z\0`T\0\0b\05\0f}\0 k\0rg}\0 o\0f}\0 k\0g}\0 k\0f}\0 kCo6h\0\0JqRj`jkk;\n\0u1=$N۬\0Pg|m?ReyU\0jh4Iץ\'X&X%\0V]]].X\\\\\0da`5{ʃ.\0j^+ˬ\n\0tDe V\"\0@vʲlPccVqz(.IQW>m\0Q~BFp8>fG.׸\0\0#n`ke(tŪ\0#\"m6pd.vbŊj͚5C=T%۷o;9sW0}\n\0e`3FWWW}W-[TfͪL[E1]k	Cuعsg5gΜ]Gfb\\\0yD\Z#:u`y(<\0p@ר<K.FC%]2K/\0\0\ZώGTFSwrw\0ا(~1\Z<3M6UgyЋn?\0\06|G{1x\0ك><.첡Y\0tcŇH;w\0``(OeqP\0\0.c	I\0W<	^[=]Y\0\0z0S@{{ws;\0#0x:Mxg\0bnb\0o8\0+Y\0\0+rg%C\\\0v)rb;N:uhL\0\0ttt<w轁6mT*yg\0Gne̙c+3f\Z+xG\0=4iҤ1s__߮#:zw\0M[[\n\rìY,V.¡70w\0اGWґ*szgG˼\0\"fÇ?j˖-*K,OY\0`\Zq\rb黶PrQ-\0p芢x}HהlذaDOqDIXy\0ࠕeWҤ i;G.`\n\0వ1иH;҆oi=:#T\0G,˗+ﯾoV/Z\'(Lggԏi~D\\QÙ\'\0bB\r \']ri1Y>.i5eY+\"lnJ\0\0\0\0\0\0\0\0\0\0\0\0\0\0\0\0\0\'o6\0\0\0\0IENDB`',1),('62502',1,'D:\\Develop\\Projects\\SSHProjectTemplate\\target\\classes\\leave.bpmn','62501','<?xml version=\"1.0\" encoding=\"UTF-8\"?>\r\n<definitions xmlns=\"http://www.omg.org/spec/BPMN/20100524/MODEL\" xmlns:xsi=\"http://www.w3.org/2001/XMLSchema-instance\" xmlns:xsd=\"http://www.w3.org/2001/XMLSchema\" xmlns:activiti=\"http://activiti.org/bpmn\" xmlns:bpmndi=\"http://www.omg.org/spec/BPMN/20100524/DI\" xmlns:omgdc=\"http://www.omg.org/spec/DD/20100524/DC\" xmlns:omgdi=\"http://www.omg.org/spec/DD/20100524/DI\" typeLanguage=\"http://www.w3.org/2001/XMLSchema\" expressionLanguage=\"http://www.w3.org/1999/XPath\" targetNamespace=\"http://www.activiti.org/test\">\r\n  <process id=\"LeaveFlow\" name=\"请假流程\" isExecutable=\"true\">\r\n    <startEvent id=\"startevent1\" name=\"Start\"></startEvent>\r\n    <endEvent id=\"endevent1\" name=\"End\"></endEvent>\r\n    <userTask id=\"usertask2\" name=\"部门经理审批\" activiti:assignee=\"经理\"></userTask>\r\n    <userTask id=\"usertask4\" name=\"员工请假申请\" activiti:assignee=\"员工\"></userTask>\r\n    <sequenceFlow id=\"flow1\" sourceRef=\"startevent1\" targetRef=\"usertask4\"></sequenceFlow>\r\n    <sequenceFlow id=\"flow2\" name=\"提交申请\" sourceRef=\"usertask4\" targetRef=\"usertask2\"></sequenceFlow>\r\n    <userTask id=\"usertask5\" name=\"老板审批\" activiti:assignee=\"老板\"></userTask>\r\n    <sequenceFlow id=\"flow4\" name=\"经理审批\" sourceRef=\"usertask2\" targetRef=\"usertask5\"></sequenceFlow>\r\n    <sequenceFlow id=\"flow5\" name=\"老板审批\" sourceRef=\"usertask5\" targetRef=\"endevent1\"></sequenceFlow>\r\n  </process>\r\n  <bpmndi:BPMNDiagram id=\"BPMNDiagram_LeaveFlow\">\r\n    <bpmndi:BPMNPlane bpmnElement=\"LeaveFlow\" id=\"BPMNPlane_LeaveFlow\">\r\n      <bpmndi:BPMNShape bpmnElement=\"startevent1\" id=\"BPMNShape_startevent1\">\r\n        <omgdc:Bounds height=\"35.0\" width=\"35.0\" x=\"245.0\" y=\"100.0\"></omgdc:Bounds>\r\n      </bpmndi:BPMNShape>\r\n      <bpmndi:BPMNShape bpmnElement=\"endevent1\" id=\"BPMNShape_endevent1\">\r\n        <omgdc:Bounds height=\"35.0\" width=\"35.0\" x=\"212.0\" y=\"580.0\"></omgdc:Bounds>\r\n      </bpmndi:BPMNShape>\r\n      <bpmndi:BPMNShape bpmnElement=\"usertask2\" id=\"BPMNShape_usertask2\">\r\n        <omgdc:Bounds height=\"55.0\" width=\"105.0\" x=\"440.0\" y=\"330.0\"></omgdc:Bounds>\r\n      </bpmndi:BPMNShape>\r\n      <bpmndi:BPMNShape bpmnElement=\"usertask4\" id=\"BPMNShape_usertask4\">\r\n        <omgdc:Bounds height=\"55.0\" width=\"105.0\" x=\"175.0\" y=\"251.0\"></omgdc:Bounds>\r\n      </bpmndi:BPMNShape>\r\n      <bpmndi:BPMNShape bpmnElement=\"usertask5\" id=\"BPMNShape_usertask5\">\r\n        <omgdc:Bounds height=\"55.0\" width=\"105.0\" x=\"141.0\" y=\"438.0\"></omgdc:Bounds>\r\n      </bpmndi:BPMNShape>\r\n      <bpmndi:BPMNEdge bpmnElement=\"flow1\" id=\"BPMNEdge_flow1\">\r\n        <omgdi:waypoint x=\"262.0\" y=\"135.0\"></omgdi:waypoint>\r\n        <omgdi:waypoint x=\"227.0\" y=\"251.0\"></omgdi:waypoint>\r\n      </bpmndi:BPMNEdge>\r\n      <bpmndi:BPMNEdge bpmnElement=\"flow2\" id=\"BPMNEdge_flow2\">\r\n        <omgdi:waypoint x=\"227.0\" y=\"306.0\"></omgdi:waypoint>\r\n        <omgdi:waypoint x=\"492.0\" y=\"330.0\"></omgdi:waypoint>\r\n        <bpmndi:BPMNLabel>\r\n          <omgdc:Bounds height=\"14.0\" width=\"100.0\" x=\"289.0\" y=\"304.0\"></omgdc:Bounds>\r\n        </bpmndi:BPMNLabel>\r\n      </bpmndi:BPMNEdge>\r\n      <bpmndi:BPMNEdge bpmnElement=\"flow4\" id=\"BPMNEdge_flow4\">\r\n        <omgdi:waypoint x=\"492.0\" y=\"385.0\"></omgdi:waypoint>\r\n        <omgdi:waypoint x=\"193.0\" y=\"438.0\"></omgdi:waypoint>\r\n        <bpmndi:BPMNLabel>\r\n          <omgdc:Bounds height=\"14.0\" width=\"100.0\" x=\"373.0\" y=\"429.0\"></omgdc:Bounds>\r\n        </bpmndi:BPMNLabel>\r\n      </bpmndi:BPMNEdge>\r\n      <bpmndi:BPMNEdge bpmnElement=\"flow5\" id=\"BPMNEdge_flow5\">\r\n        <omgdi:waypoint x=\"193.0\" y=\"493.0\"></omgdi:waypoint>\r\n        <omgdi:waypoint x=\"229.0\" y=\"580.0\"></omgdi:waypoint>\r\n        <bpmndi:BPMNLabel>\r\n          <omgdc:Bounds height=\"14.0\" width=\"100.0\" x=\"232.0\" y=\"540.0\"></omgdc:Bounds>\r\n        </bpmndi:BPMNLabel>\r\n      </bpmndi:BPMNEdge>\r\n    </bpmndi:BPMNPlane>\r\n  </bpmndi:BPMNDiagram>\r\n</definitions>',0),('62503',1,'D:\\Develop\\Projects\\SSHProjectTemplate\\target\\classes\\leave.LeaveFlow.png','62501','PNG\r\n\Z\n\0\0\0\rIHDR\0\0+\0\0q\0\0\0\0\0\"iIDATx]uqQ|3gYUcYꪫ3匭:Vn{nQh1F(H]fdDE4FSl4VDD@M`H$/<ΣϿS!v*_9\0\0\0\0\0\0\0\0\0\0\0\0\0\0\0\0\0\0\0\0\0\0\0\0\0\0\0\0\0\0\0\0\0\0\0\0\0\0\0\0\0\0\0\0\0\0\0\0\0\0\0\0\0\0\0\0\0\0\0\0\0\0\0\0\0\0\0\0\0\0\0\0\0\0\0\0\0\0\0\0\0\0\0\0\0\0\0\0\0\0\0\0\0\0\0\0\0\0\0\0\0\0\0\0\0\0\0\0\0\0\0\0\0\0\0\0\0\0\0\0\0\0\0\0\0\0\0\0\0\0\0\0\0\0\0\0\0\0\0\0\0\0\0\0\0\0\0\0\0\0\0\0\0\0\0\0\0\0\0\0\0\0\0\0\0\0\0\0\0\0\0\0\0\0\0\0\0\0\0\0\0\0\0\0\0\0\0\0\0\0\0\0\0\0\0\0\0\0\0\0\0\0\0\0\0\0\0\0\0\0\0\0\0\0\0?AӦM{UW]uE]?IwttTfstww>/_;Z5\0`M>\\p/&Nǈj֬YխZW;wmذ۫sV]vY?eu3mmmG[I\0`DM2s=38_9۷o,YRwy4i3<\n\0?_W-[Tֲe˪gu֬Fq\09};oj$mڴꪫwuur\0+T&Ope\\wuO8,/\0AK~AF9\0t1mF[n7Z|R\08s9t1X?x_Q\0>*#C׷jgYz\'\0}J͜9˧?+x\'\0-N]Xߵ+\0^f̘qIBn}{\0tSٳg+_~\0\'mҥ4#\0n&M},6;k׮XY\0vQܹAJ\0v!b\0؋#+\0@rfef\0\'>WX˧{G\0ݤ}V̙>++\0\0ꪫ.>}z2y+m\0`7SN=NCXI$\0>7.-VʟEqw\0اs9G?pa޲eˎVN\0\0Ú4iŋy\\tE6+\0~uww3<sƍ,T~*7F\0\0p@guw.cq:ےN`v駟~^}4CgWW}eYN\0!8s̙3Pj\0%}2gĉ}_W֎5*ԏ#*\0DX }J{h?>.u\n\00Ѳ/;\\{;^uUєf9ç~\0Q\"#bcZ_3Ioo/{Ɇ\r֥\'{-δ6|\0L#B.p__wT&\'馄\0\"BocY	\0 XP̕V\05Vi%\0\\cVb+\0d,J\0\0YP9%V\05V=W\0kEq\0\03mڴF<h4e5\0D4b+\0d)B]1_\0@tf+\0\Z+DJ\0\0|jF\0d#V~b%\0,e(>o%\0,5F4\0kh<J\0\0ىHo+V\0RQXm%\0\\c҈\0,ojoo?J\0\0i4\ZX_n5\0Ef++\0d)B;\Z+\0\Z+s\0\0rVV\0NGG\"Vlkk;j\0\0ىPEV\05V>Y+\0\Z+ߏ`%\0\\cem_Z	\0 ;Vy*}V\0RJ3J\0\0bζ\0@$J\0\0~|Fq\0\0j^]ŭV\0RY\0@\"Ty\0\0r_E2+\0dj=3bӦM{\0\0reJ\0\0Y*+X	\0 KfsNۭ\0kh4\0@v\"R^r\0\0TEGYa%\0\\c+\0@O#V`%\0xO\0(^r\0\0rF|J\0\0YP,Ӭ\0k+\0dh<((\0d\'Bf9J\0\0YP(B+\0\Z+?V\0Qz,\0@v\'\'\0k\r+\0d)BeF\0k<uV\0Nrr\0\0S\"V~j%\0\\c#EQ|J\0\04͖\0\0roQ/\0@v&N_#V[	\0 KeY(\0k\\I+\0\Z+Z[\0iӦ=l>bV\0NGG˲J\0\0YP9#V\0RQWGL\0@rkz\0\0h4IwZ~\0\0g%\0,EqNYJ\0\0\"Vڭ\0fy_z\0\0rYk%\0\\ceB,+\0d(ʲ<J\0\0Yj6#Vl%\0촵)gV\0Nʫb[	\0 X9+߬\0k\\s\0\0reYw+\0dh<=BeS|}\0\0fJ\0\0YP9(K\0k̎Xy\0\0rX	\0 ;V*\02E+\0\Z+GL\0@OJ\0\0i4\ZOX|\'?j\0\0iZ(_X	\0 KeY?bKV\0]ټ(k(S\"P^xx|\0rj<WXBD?k\0:c{nM+\0,(66\ZY%\0Xf?r\0jUÜbu\0ڥ<nkmmmG[\0 \'w9c\n\0S\\1+]P\0+]eY>cZ\0 ?F+c5\0`K><d0բE#Z\nŋWնmLF~ꦛn}?\0ulY\'#V:#\n򞈕~R8b#ARI@`6?k5ՊwMzb\0j7U_򆩻Mz.&(\n\0\Z+W`P߭-(\n\0++otXI	\n\0iJzMP\0+b\0p>3\\XZceՒ++\0Pkl軵Z>ϥXZc%?vXIω	\0֭ժP<^b\0jCK]l\n\0}lZYmǇ\rIߓQ\0c+:(XZc`(+\00r28C\0Ɗ+\0 VX\0\"V\0@\0bEI@\0bň\0+b\0LX# V\\\0+bE\0 VĊX\0\"V\n\0\0bE\08b1>,V\0 X1b\0ĊX\0b\n\0\0bň\0+gܹb\0b͛7W]]]UٜWV<?\0̙3Pyg51uzY3mڴ)@lYIq+Ѳ.ELFqh\0ĊtZ(b}+s˲t\0bditd\"\0Ċ]v\0b>+N V̸\"\0Ċ7;:]@ϟ/\"VvσE\0dgѢEkEAul8]@,X>nݺ?P\'fB?\'NPetC>d1Xy(2}ht\0pбFu\0ce话.\0=t\0ut\0ce(\0:>\r4N\0E\0t\008]\0N\0E\0t\00n8]\0N\0E\0t\00n8]\0+N\0E\0t\008]\0N\0E\02NUUu]wuҥK?~c2jѢEL\'\nQ*/m۶fM7	$0&r<]e[OOJz\0EҩQDڍ颎ƿEt} >V*B\0H.ЙVG+XSݵjE&=Nω	\0}(Ƙ*wc|}ʃί~y&=^b\0q;RK:Zs8z\n݊قB\0tQ2d\'jac%&(\n\0=NmG2+{\r+5A!V\0tuu=)be`+b\0j~Bep=gΜe>3\\XCR&bە1חeyY|ڲe~\\ac%&(\n\0h?O\r;_n肽Os5A!V\0`pwڽb%=\'&\n\0+[V~<cS@\\zMP\0-Vw,bkVkv+\00ukfՂ궹6T\'}O^GY\n\0Ih,b\0j9,C\0\0\Z+F\0X1b\0ĊX\0b\n\0\'\0b\n\0#V\0@\0+#3sb\0Xs.V\0@X+b\0ĊX+\0 V\n\0\"V\0ȊX\\cň\0+b\0Ċ+\0 V\n\0#V\0@\0bE\0X1b\0ܹsX4\Z\'E~͛EX5ͿbeYq\r7\0iZ/(爓;늘s_\r\0c.bEQL@i}1yվW\0@yrI3;Bec|Zzk<sbE\06mc˲|sW\"N3\"en<ԃw\0#&F9CFw͟?_=ES@\"Hј_>EL[++	\0 KrʟeyZLOɆ(o\Zco_p֭8J\n{b&\0@6ڎnZo8.恘Y1N<\',nHG,&+\n\0(%6fIFYV\0M#L+zG\'[\0PgF\'dq̺+b^ge\0ڤMxgD́P>)]bu\0Qw1_?f~O4\0@mʲ|I\'wG\Z?\\+\0Ԧ/\"L>,/WX\06\'|S\"JZ1s}ybt\0bƁojq\rLbu\0ڴZWF\\6p\'@:ce\0ڤb#JΎ-],sQk+\0(O(yWYǍR<~cFƁ\0\0鲓olݘj4\ZO:\0@m1Wl}ߝ·2\0@mxaD1ן[\06zGL(qx|y|}\0j	1On\0騲,a1qOʩFK\0&b&DsK<H|}\0\"H>EQ\\\Z2+\0ԦeYN8n&7\0jh4j\Zaegt\0ja?b>q&fi<r\0jjArnɯb~9{\0j3bn@Yx7V\0MA`Qo9%P\0\0 tdtD%V\0M$]{qrg|]I@++\0&b;(?/s12\0@\"2(i\0\"[NiGوiٴӬ\0jt/tO=zҽz\0Pt㘏rƟJw;2\0@mN9?+򴘞\rEQ\\/eu\0Zjqrmb&xO:\0@mxmDɿĬY~ox\0j1ʲ=V+\0&b\'8Y.折Y\06z(Q2s:oůOJקX\0.GE]̗crzGG,\r\0P,_sq\'E<\0\0F,lV\0\'V̜t_ooo?!ݯ\0\0q[blsC<.SX\06V&\rIz>NX\06؈cnK\\h4ʌ)_XPku\0򴈒we }ܸ(/7<ƍG-Vh\0Bwwe\'\'ذ1h4`u\n\0&mqseLi+|+#V\06EQ0䂘UO㭌Xڜza2)1k5VF\0hn	1On_4pDK><d0բExFƍ):-?,7?1qOʩF\Z\0R\nŋWնmLF~ꦛn}˄}QJGG>G4{bn\'\0#*B%`ӳr2{ T&P>EQ\\\Z2?\0+ԏ({\"Vv}\"87$T(ZggSxn^q`<J{{8q+]!jH\\G욈c>px~ײ\0ZvM]JDȌ}<2y\0Qƾj_0uIϥJȴʮq=\n\0Gl^Bep~bX9O4\0Gdac%&(F?VʲeHlbe\r\08\"ceyϴac%&(kUb^Z\0ĊX2V\0b%&(\n\0\Z+\\9lXZceC߭])x.&(\n\0\Z+iٵ{JzNL\0?VnVxާ+\0P[jXrŰ׬b+V\0`cejͪms?>lN\0X9GY\n\0\Z+s4eGYXQ\rb\0F5VX\0b\n\0\0bň\0+bO*\0bň\0+F\0X+\0 Vf?o3V\0+=7گ\0+bE\0X+\0 VĊX\0\"V\0@\0bG\n\0IĊ+\0 V\n\0#V\0@\0+F\0X1b\0ĊX\0b\n\0\0bň\0+F\0X+\0 VX\0\"V\0@\0? {X\'#֢EL[++pZ`.\\up$e˖qsD%Joo=1pDO{_N7#Tg޼yiV?X)T\0l6olZo\0@ʲ<7r+\0dj:be\0\0ruT\\\\K\0d,oEq\0\0B%\0\0NSA(\0d)bWb[+\0d)}|(s\01\\+\0d+W\0d\0@l\0d\0@l\0\0@l\0d\0@l\0d\0@l\0d\0@l\0d\0@l\0\0@l\0d\0@l\0d\0@l\0d\0@l\0d\0@l\0d\0@l\0\0@l\0d\0@l\0d\0@l\0d\0@l\0d\0@l\0\0@Fr)_XPku\0OHnp36Fu\0OHn/V\0Q1R[\0`Tb\0#X\0FHm@\0>\05[\0Y>\0;[\0yɭ\0FHn\00Fr}\0Q1R[\0z\0`T\0\0b\05\0f}\0 k\0rg}\0 o\0f}\0 k\0g}\0 k\0f}\0 kCo6h\0\0JqRj`jkk;\n\0u1=$N۬\0Pg|m?ReyU\0jh4Iץ\'X&X%\0V]]].X\\\\\0da`5{ʃ.\0j^+ˬ\n\0tDe V\"\0@vʲlPccVqz(.IQW>m\0Q~BFp8>fG.׸\0\0#n`ke(tŪ\0#\"m6pd.vbŊj͚5C=T%۷o;9sW0}\n\0e`3FWWW}W-[TfͪL[E1]k	Cuعsg5gΜ]Gfb\\\0yD\Z#:u`y(<\0p@ר<K.FC%]2K/\0\0\ZώGTFSwrw\0ا(~1\Z<3M6UgyЋn?\0\06|G{1x\0ك><.첡Y\0tcŇH;w\0``(OeqP\0\0.c	I\0W<	^[=]Y\0\0z0S@{{ws;\0#0x:Mxg\0bnb\0o8\0+Y\0\0+rg%C\\\0v)rb;N:uhL\0\0ttt<w轁6mT*yg\0Gne̙c+3f\Z+xG\0=4iҤ1s__߮#:zw\0M[[\n\rìY,V.¡70w\0اGWґ*szgG˼\0\"fÇ?j˖-*K,OY\0`\Zq\rb黶PrQ-\0p芢x}HהlذaDOqDIXy\0ࠕeWҤ i;G.`\n\0వ1иH;҆oi=:#T\0G,˗+ﯾoV/Z\'(Lggԏi~D\\QÙ\'\0bB\r \']ri1Y>.i5eY+\"lnJ\0\0\0\0\0\0\0\0\0\0\0\0\0\0\0\0\0\'o6\0\0\0\0IENDB`',1),('65002',1,'D:\\Develop\\Projects\\SSHProjectTemplate\\target\\zjcscut\\WEB-INF\\classes\\leave.bpmn','65001','<?xml version=\"1.0\" encoding=\"UTF-8\"?>\r\n<definitions xmlns=\"http://www.omg.org/spec/BPMN/20100524/MODEL\" xmlns:xsi=\"http://www.w3.org/2001/XMLSchema-instance\" xmlns:xsd=\"http://www.w3.org/2001/XMLSchema\" xmlns:activiti=\"http://activiti.org/bpmn\" xmlns:bpmndi=\"http://www.omg.org/spec/BPMN/20100524/DI\" xmlns:omgdc=\"http://www.omg.org/spec/DD/20100524/DC\" xmlns:omgdi=\"http://www.omg.org/spec/DD/20100524/DI\" typeLanguage=\"http://www.w3.org/2001/XMLSchema\" expressionLanguage=\"http://www.w3.org/1999/XPath\" targetNamespace=\"http://www.activiti.org/test\">\r\n  <process id=\"LeaveFlow\" name=\"请假流程\" isExecutable=\"true\">\r\n    <startEvent id=\"startevent1\" name=\"Start\"></startEvent>\r\n    <endEvent id=\"endevent1\" name=\"End\"></endEvent>\r\n    <userTask id=\"usertask2\" name=\"部门经理审批\" activiti:assignee=\"经理\"></userTask>\r\n    <userTask id=\"usertask4\" name=\"员工请假申请\" activiti:assignee=\"员工\"></userTask>\r\n    <sequenceFlow id=\"flow1\" sourceRef=\"startevent1\" targetRef=\"usertask4\"></sequenceFlow>\r\n    <sequenceFlow id=\"flow2\" name=\"提交申请\" sourceRef=\"usertask4\" targetRef=\"usertask2\"></sequenceFlow>\r\n    <userTask id=\"usertask5\" name=\"老板审批\" activiti:assignee=\"老板\"></userTask>\r\n    <sequenceFlow id=\"flow4\" name=\"经理审批\" sourceRef=\"usertask2\" targetRef=\"usertask5\"></sequenceFlow>\r\n    <sequenceFlow id=\"flow5\" name=\"老板审批\" sourceRef=\"usertask5\" targetRef=\"endevent1\"></sequenceFlow>\r\n  </process>\r\n  <bpmndi:BPMNDiagram id=\"BPMNDiagram_LeaveFlow\">\r\n    <bpmndi:BPMNPlane bpmnElement=\"LeaveFlow\" id=\"BPMNPlane_LeaveFlow\">\r\n      <bpmndi:BPMNShape bpmnElement=\"startevent1\" id=\"BPMNShape_startevent1\">\r\n        <omgdc:Bounds height=\"35.0\" width=\"35.0\" x=\"245.0\" y=\"100.0\"></omgdc:Bounds>\r\n      </bpmndi:BPMNShape>\r\n      <bpmndi:BPMNShape bpmnElement=\"endevent1\" id=\"BPMNShape_endevent1\">\r\n        <omgdc:Bounds height=\"35.0\" width=\"35.0\" x=\"212.0\" y=\"580.0\"></omgdc:Bounds>\r\n      </bpmndi:BPMNShape>\r\n      <bpmndi:BPMNShape bpmnElement=\"usertask2\" id=\"BPMNShape_usertask2\">\r\n        <omgdc:Bounds height=\"55.0\" width=\"105.0\" x=\"440.0\" y=\"330.0\"></omgdc:Bounds>\r\n      </bpmndi:BPMNShape>\r\n      <bpmndi:BPMNShape bpmnElement=\"usertask4\" id=\"BPMNShape_usertask4\">\r\n        <omgdc:Bounds height=\"55.0\" width=\"105.0\" x=\"175.0\" y=\"251.0\"></omgdc:Bounds>\r\n      </bpmndi:BPMNShape>\r\n      <bpmndi:BPMNShape bpmnElement=\"usertask5\" id=\"BPMNShape_usertask5\">\r\n        <omgdc:Bounds height=\"55.0\" width=\"105.0\" x=\"141.0\" y=\"438.0\"></omgdc:Bounds>\r\n      </bpmndi:BPMNShape>\r\n      <bpmndi:BPMNEdge bpmnElement=\"flow1\" id=\"BPMNEdge_flow1\">\r\n        <omgdi:waypoint x=\"262.0\" y=\"135.0\"></omgdi:waypoint>\r\n        <omgdi:waypoint x=\"227.0\" y=\"251.0\"></omgdi:waypoint>\r\n      </bpmndi:BPMNEdge>\r\n      <bpmndi:BPMNEdge bpmnElement=\"flow2\" id=\"BPMNEdge_flow2\">\r\n        <omgdi:waypoint x=\"227.0\" y=\"306.0\"></omgdi:waypoint>\r\n        <omgdi:waypoint x=\"492.0\" y=\"330.0\"></omgdi:waypoint>\r\n        <bpmndi:BPMNLabel>\r\n          <omgdc:Bounds height=\"14.0\" width=\"100.0\" x=\"289.0\" y=\"304.0\"></omgdc:Bounds>\r\n        </bpmndi:BPMNLabel>\r\n      </bpmndi:BPMNEdge>\r\n      <bpmndi:BPMNEdge bpmnElement=\"flow4\" id=\"BPMNEdge_flow4\">\r\n        <omgdi:waypoint x=\"492.0\" y=\"385.0\"></omgdi:waypoint>\r\n        <omgdi:waypoint x=\"193.0\" y=\"438.0\"></omgdi:waypoint>\r\n        <bpmndi:BPMNLabel>\r\n          <omgdc:Bounds height=\"14.0\" width=\"100.0\" x=\"373.0\" y=\"429.0\"></omgdc:Bounds>\r\n        </bpmndi:BPMNLabel>\r\n      </bpmndi:BPMNEdge>\r\n      <bpmndi:BPMNEdge bpmnElement=\"flow5\" id=\"BPMNEdge_flow5\">\r\n        <omgdi:waypoint x=\"193.0\" y=\"493.0\"></omgdi:waypoint>\r\n        <omgdi:waypoint x=\"229.0\" y=\"580.0\"></omgdi:waypoint>\r\n        <bpmndi:BPMNLabel>\r\n          <omgdc:Bounds height=\"14.0\" width=\"100.0\" x=\"232.0\" y=\"540.0\"></omgdc:Bounds>\r\n        </bpmndi:BPMNLabel>\r\n      </bpmndi:BPMNEdge>\r\n    </bpmndi:BPMNPlane>\r\n  </bpmndi:BPMNDiagram>\r\n</definitions>',0),('65003',1,'D:\\Develop\\Projects\\SSHProjectTemplate\\target\\zjcscut\\WEB-INF\\classes\\leave.LeaveFlow.png','65001','PNG\r\n\Z\n\0\0\0\rIHDR\0\0+\0\0q\0\0\0\0\0\"iIDATx]uqQ|3gYUcYꪫ3匭:Vn{nQh1F(H]fdDE4FSl4VDD@M`H$/<ΣϿS!v*_9\0\0\0\0\0\0\0\0\0\0\0\0\0\0\0\0\0\0\0\0\0\0\0\0\0\0\0\0\0\0\0\0\0\0\0\0\0\0\0\0\0\0\0\0\0\0\0\0\0\0\0\0\0\0\0\0\0\0\0\0\0\0\0\0\0\0\0\0\0\0\0\0\0\0\0\0\0\0\0\0\0\0\0\0\0\0\0\0\0\0\0\0\0\0\0\0\0\0\0\0\0\0\0\0\0\0\0\0\0\0\0\0\0\0\0\0\0\0\0\0\0\0\0\0\0\0\0\0\0\0\0\0\0\0\0\0\0\0\0\0\0\0\0\0\0\0\0\0\0\0\0\0\0\0\0\0\0\0\0\0\0\0\0\0\0\0\0\0\0\0\0\0\0\0\0\0\0\0\0\0\0\0\0\0\0\0\0\0\0\0\0\0\0\0\0\0\0\0\0\0\0\0\0\0\0\0\0\0\0\0\0\0\0\0\0?AӦM{UW]uE]?IwttTfstww>/_;Z5\0`M>\\p/&Nǈj֬YխZW;wmذ۫sV]vY?eu3mmmG[I\0`DM2s=38_9۷o,YRwy4i3<\n\0?_W-[Tֲe˪gu֬Fq\09};oj$mڴꪫwuur\0+T&Ope\\wuO8,/\0AK~AF9\0t1mF[n7Z|R\08s9t1X?x_Q\0>*#C׷jgYz\'\0}J͜9˧?+x\'\0-N]Xߵ+\0^f̘qIBn}{\0tSٳg+_~\0\'mҥ4#\0n&M},6;k׮XY\0vQܹAJ\0v!b\0؋#+\0@rfef\0\'>WX˧{G\0ݤ}V̙>++\0\0ꪫ.>}z2y+m\0`7SN=NCXI$\0>7.-VʟEqw\0اs9G?pa޲eˎVN\0\0Ú4iŋy\\tE6+\0~uww3<sƍ,T~*7F\0\0p@guw.cq:ےN`v駟~^}4CgWW}eYN\0!8s̙3Pj\0%}2gĉ}_W֎5*ԏ#*\0DX }J{h?>.u\n\00Ѳ/;\\{;^uUєf9ç~\0Q\"#bcZ_3Ioo/{Ɇ\r֥\'{-δ6|\0L#B.p__wT&\'馄\0\"BocY	\0 XP̕V\05Vi%\0\\cVb+\0d,J\0\0YP9%V\05V=W\0kEq\0\03mڴF<h4e5\0D4b+\0d)B]1_\0@tf+\0\Z+DJ\0\0|jF\0d#V~b%\0,e(>o%\0,5F4\0kh<J\0\0ىHo+V\0RQXm%\0\\c҈\0,ojoo?J\0\0i4\ZX_n5\0Ef++\0d)B;\Z+\0\Z+s\0\0rVV\0NGG\"Vlkk;j\0\0ىPEV\05V>Y+\0\Z+ߏ`%\0\\cem_Z	\0 ;Vy*}V\0RJ3J\0\0bζ\0@$J\0\0~|Fq\0\0j^]ŭV\0RY\0@\"Ty\0\0r_E2+\0dj=3bӦM{\0\0reJ\0\0Y*+X	\0 KfsNۭ\0kh4\0@v\"R^r\0\0TEGYa%\0\\c+\0@O#V`%\0xO\0(^r\0\0rF|J\0\0YP,Ӭ\0k+\0dh<((\0d\'Bf9J\0\0YP(B+\0\Z+?V\0Qz,\0@v\'\'\0k\r+\0d)BeF\0k<uV\0Nrr\0\0S\"V~j%\0\\c#EQ|J\0\04͖\0\0roQ/\0@v&N_#V[	\0 KeY(\0k\\I+\0\Z+Z[\0iӦ=l>bV\0NGG˲J\0\0YP9#V\0RQWGL\0@rkz\0\0h4IwZ~\0\0g%\0,EqNYJ\0\0\"Vڭ\0fy_z\0\0rYk%\0\\ceB,+\0d(ʲ<J\0\0Yj6#Vl%\0촵)gV\0Nʫb[	\0 X9+߬\0k\\s\0\0reYw+\0dh<=BeS|}\0\0fJ\0\0YP9(K\0k̎Xy\0\0rX	\0 ;V*\02E+\0\Z+GL\0@OJ\0\0i4\ZOX|\'?j\0\0iZ(_X	\0 KeY?bKV\0]ټ(k(S\"P^xx|\0rj<WXBD?k\0:c{nM+\0,(66\ZY%\0Xf?r\0jUÜbu\0ڥ<nkmmmG[\0 \'w9c\n\0S\\1+]P\0+]eY>cZ\0 ?F+c5\0`K><d0բE#Z\nŋWնmLF~ꦛn}?\0ulY\'#V:#\n򞈕~R8b#ARI@`6?k5ՊwMzb\0j7U_򆩻Mz.&(\n\0\Z+W`P߭-(\n\0++otXI	\n\0iJzMP\0+b\0p>3\\XZceՒ++\0Pkl軵Z>ϥXZc%?vXIω	\0֭ժP<^b\0jCK]l\n\0}lZYmǇ\rIߓQ\0c+:(XZc`(+\00r28C\0Ɗ+\0 VX\0\"V\0@\0bEI@\0bň\0+b\0LX# V\\\0+bE\0 VĊX\0\"V\n\0\0bE\08b1>,V\0 X1b\0ĊX\0b\n\0\0bň\0+gܹb\0b͛7W]]]UٜWV<?\0̙3Pyg51uzY3mڴ)@lYIq+Ѳ.ELFqh\0ĊtZ(b}+s˲t\0bditd\"\0Ċ]v\0b>+N V̸\"\0Ċ7;:]@ϟ/\"VvσE\0dgѢEkEAul8]@,X>nݺ?P\'fB?\'NPetC>d1Xy(2}ht\0pбFu\0ce话.\0=t\0ut\0ce(\0:>\r4N\0E\0t\008]\0N\0E\0t\00n8]\0N\0E\0t\00n8]\0+N\0E\0t\008]\0N\0E\02NUUu]wuҥK?~c2jѢEL\'\nQ*/m۶fM7	$0&r<]e[OOJz\0EҩQDڍ颎ƿEt} >V*B\0H.ЙVG+XSݵjE&=Nω	\0}(Ƙ*wc|}ʃί~y&=^b\0q;RK:Zs8z\n݊قB\0tQ2d\'jac%&(\n\0=NmG2+{\r+5A!V\0tuu=)be`+b\0j~Bep=gΜe>3\\XCR&bە1חeyY|ڲe~\\ac%&(\n\0h?O\r;_n肽Os5A!V\0`pwڽb%=\'&\n\0+[V~<cS@\\zMP\0-Vw,bkVkv+\00ukfՂ궹6T\'}O^GY\n\0Ih,b\0j9,C\0\0\Z+F\0X1b\0ĊX\0b\n\0\'\0b\n\0#V\0@\0+#3sb\0Xs.V\0@X+b\0ĊX+\0 V\n\0\"V\0ȊX\\cň\0+b\0Ċ+\0 V\n\0#V\0@\0bE\0X1b\0ܹsX4\Z\'E~͛EX5ͿbeYq\r7\0iZ/(爓;늘s_\r\0c.bEQL@i}1yվW\0@yrI3;Bec|Zzk<sbE\06mc˲|sW\"N3\"en<ԃw\0#&F9CFw͟?_=ES@\"Hј_>EL[++	\0 KrʟeyZLOɆ(o\Zco_p֭8J\n{b&\0@6ڎnZo8.恘Y1N<\',nHG,&+\n\0(%6fIFYV\0M#L+zG\'[\0PgF\'dq̺+b^ge\0ڤMxgD́P>)]bu\0Qw1_?f~O4\0@mʲ|I\'wG\Z?\\+\0Ԧ/\"L>,/WX\06\'|S\"JZ1s}ybt\0bƁojq\rLbu\0ڴZWF\\6p\'@:ce\0ڤb#JΎ-],sQk+\0(O(yWYǍR<~cFƁ\0\0鲓olݘj4\ZO:\0@m1Wl}ߝ·2\0@mxaD1ן[\06zGL(qx|y|}\0j	1On\0騲,a1qOʩFK\0&b&DsK<H|}\0\"H>EQ\\\Z2+\0ԦeYN8n&7\0jh4j\Zaegt\0ja?b>q&fi<r\0jjArnɯb~9{\0j3bn@Yx7V\0MA`Qo9%P\0\0 tdtD%V\0M$]{qrg|]I@++\0&b;(?/s12\0@\"2(i\0\"[NiGوiٴӬ\0jt/tO=zҽz\0Pt㘏rƟJw;2\0@mN9?+򴘞\rEQ\\/eu\0Zjqrmb&xO:\0@mxmDɿĬY~ox\0j1ʲ=V+\0&b\'8Y.折Y\06z(Q2s:oůOJקX\0.GE]̗crzGG,\r\0P,_sq\'E<\0\0F,lV\0\'V̜t_ooo?!ݯ\0\0q[blsC<.SX\06V&\rIz>NX\06؈cnK\\h4ʌ)_XPku\0򴈒we }ܸ(/7<ƍG-Vh\0Bwwe\'\'ذ1h4`u\n\0&mqseLi+|+#V\06EQ0䂘UO㭌Xڜza2)1k5VF\0hn	1On_4pDK><d0բExFƍ):-?,7?1qOʩF\Z\0R\nŋWնmLF~ꦛn}˄}QJGG>G4{bn\'\0#*B%`ӳr2{ T&P>EQ\\\Z2?\0+ԏ({\"Vv}\"87$T(ZggSxn^q`<J{{8q+]!jH\\G욈c>px~ײ\0ZvM]JDȌ}<2y\0Qƾj_0uIϥJȴʮq=\n\0Gl^Bep~bX9O4\0Gdac%&(F?VʲeHlbe\r\08\"ceyϴac%&(kUb^Z\0ĊX2V\0b%&(\n\0\Z+\\9lXZceC߭])x.&(\n\0\Z+iٵ{JzNL\0?VnVxާ+\0P[jXrŰ׬b+V\0`cejͪms?>lN\0X9GY\n\0\Z+s4eGYXQ\rb\0F5VX\0b\n\0\0bň\0+bO*\0bň\0+F\0X+\0 Vf?o3V\0+=7گ\0+bE\0X+\0 VĊX\0\"V\0@\0bG\n\0IĊ+\0 V\n\0#V\0@\0+F\0X1b\0ĊX\0b\n\0\0bň\0+F\0X+\0 VX\0\"V\0@\0? {X\'#֢EL[++pZ`.\\up$e˖qsD%Joo=1pDO{_N7#Tg޼yiV?X)T\0l6olZo\0@ʲ<7r+\0dj:be\0\0ruT\\\\K\0d,oEq\0\0B%\0\0NSA(\0d)bWb[+\0d)}|(s\01\\+\0d+W\0d\0@l\0d\0@l\0\0@l\0d\0@l\0d\0@l\0d\0@l\0d\0@l\0\0@l\0d\0@l\0d\0@l\0d\0@l\0d\0@l\0d\0@l\0\0@l\0d\0@l\0d\0@l\0d\0@l\0d\0@l\0\0@Fr)_XPku\0OHnp36Fu\0OHn/V\0Q1R[\0`Tb\0#X\0FHm@\0>\05[\0Y>\0;[\0yɭ\0FHn\00Fr}\0Q1R[\0z\0`T\0\0b\05\0f}\0 k\0rg}\0 o\0f}\0 k\0g}\0 k\0f}\0 kCo6h\0\0JqRj`jkk;\n\0u1=$N۬\0Pg|m?ReyU\0jh4Iץ\'X&X%\0V]]].X\\\\\0da`5{ʃ.\0j^+ˬ\n\0tDe V\"\0@vʲlPccVqz(.IQW>m\0Q~BFp8>fG.׸\0\0#n`ke(tŪ\0#\"m6pd.vbŊj͚5C=T%۷o;9sW0}\n\0e`3FWWW}W-[TfͪL[E1]k	Cuعsg5gΜ]Gfb\\\0yD\Z#:u`y(<\0p@ר<K.FC%]2K/\0\0\ZώGTFSwrw\0ا(~1\Z<3M6UgyЋn?\0\06|G{1x\0ك><.첡Y\0tcŇH;w\0``(OeqP\0\0.c	I\0W<	^[=]Y\0\0z0S@{{ws;\0#0x:Mxg\0bnb\0o8\0+Y\0\0+rg%C\\\0v)rb;N:uhL\0\0ttt<w轁6mT*yg\0Gne̙c+3f\Z+xG\0=4iҤ1s__߮#:zw\0M[[\n\rìY,V.¡70w\0اGWґ*szgG˼\0\"fÇ?j˖-*K,OY\0`\Zq\rb黶PrQ-\0p芢x}HהlذaDOqDIXy\0ࠕeWҤ i;G.`\n\0వ1иH;҆oi=:#T\0G,˗+ﯾoV/Z\'(Lggԏi~D\\QÙ\'\0bB\r \']ri1Y>.i5eY+\"lnJ\0\0\0\0\0\0\0\0\0\0\0\0\0\0\0\0\0\'o6\0\0\0\0IENDB`',1),('67502',1,'D:\\Develop\\Projects\\SSHProjectTemplate\\target\\classes\\leave.bpmn','67501','<?xml version=\"1.0\" encoding=\"UTF-8\"?>\r\n<definitions xmlns=\"http://www.omg.org/spec/BPMN/20100524/MODEL\" xmlns:xsi=\"http://www.w3.org/2001/XMLSchema-instance\" xmlns:xsd=\"http://www.w3.org/2001/XMLSchema\" xmlns:activiti=\"http://activiti.org/bpmn\" xmlns:bpmndi=\"http://www.omg.org/spec/BPMN/20100524/DI\" xmlns:omgdc=\"http://www.omg.org/spec/DD/20100524/DC\" xmlns:omgdi=\"http://www.omg.org/spec/DD/20100524/DI\" typeLanguage=\"http://www.w3.org/2001/XMLSchema\" expressionLanguage=\"http://www.w3.org/1999/XPath\" targetNamespace=\"http://www.activiti.org/test\">\r\n  <process id=\"LeaveFlow\" name=\"请假流程\" isExecutable=\"true\">\r\n    <startEvent id=\"startevent1\" name=\"Start\"></startEvent>\r\n    <endEvent id=\"endevent1\" name=\"End\"></endEvent>\r\n    <userTask id=\"usertask2\" name=\"部门经理审批\" activiti:assignee=\"经理\"></userTask>\r\n    <userTask id=\"usertask4\" name=\"员工请假申请\" activiti:assignee=\"员工\"></userTask>\r\n    <sequenceFlow id=\"flow1\" sourceRef=\"startevent1\" targetRef=\"usertask4\"></sequenceFlow>\r\n    <sequenceFlow id=\"flow2\" name=\"提交申请\" sourceRef=\"usertask4\" targetRef=\"usertask2\"></sequenceFlow>\r\n    <userTask id=\"usertask5\" name=\"老板审批\" activiti:assignee=\"老板\"></userTask>\r\n    <sequenceFlow id=\"flow4\" name=\"经理审批\" sourceRef=\"usertask2\" targetRef=\"usertask5\"></sequenceFlow>\r\n    <sequenceFlow id=\"flow5\" name=\"老板审批\" sourceRef=\"usertask5\" targetRef=\"endevent1\"></sequenceFlow>\r\n  </process>\r\n  <bpmndi:BPMNDiagram id=\"BPMNDiagram_LeaveFlow\">\r\n    <bpmndi:BPMNPlane bpmnElement=\"LeaveFlow\" id=\"BPMNPlane_LeaveFlow\">\r\n      <bpmndi:BPMNShape bpmnElement=\"startevent1\" id=\"BPMNShape_startevent1\">\r\n        <omgdc:Bounds height=\"35.0\" width=\"35.0\" x=\"245.0\" y=\"100.0\"></omgdc:Bounds>\r\n      </bpmndi:BPMNShape>\r\n      <bpmndi:BPMNShape bpmnElement=\"endevent1\" id=\"BPMNShape_endevent1\">\r\n        <omgdc:Bounds height=\"35.0\" width=\"35.0\" x=\"212.0\" y=\"580.0\"></omgdc:Bounds>\r\n      </bpmndi:BPMNShape>\r\n      <bpmndi:BPMNShape bpmnElement=\"usertask2\" id=\"BPMNShape_usertask2\">\r\n        <omgdc:Bounds height=\"55.0\" width=\"105.0\" x=\"440.0\" y=\"330.0\"></omgdc:Bounds>\r\n      </bpmndi:BPMNShape>\r\n      <bpmndi:BPMNShape bpmnElement=\"usertask4\" id=\"BPMNShape_usertask4\">\r\n        <omgdc:Bounds height=\"55.0\" width=\"105.0\" x=\"175.0\" y=\"251.0\"></omgdc:Bounds>\r\n      </bpmndi:BPMNShape>\r\n      <bpmndi:BPMNShape bpmnElement=\"usertask5\" id=\"BPMNShape_usertask5\">\r\n        <omgdc:Bounds height=\"55.0\" width=\"105.0\" x=\"141.0\" y=\"438.0\"></omgdc:Bounds>\r\n      </bpmndi:BPMNShape>\r\n      <bpmndi:BPMNEdge bpmnElement=\"flow1\" id=\"BPMNEdge_flow1\">\r\n        <omgdi:waypoint x=\"262.0\" y=\"135.0\"></omgdi:waypoint>\r\n        <omgdi:waypoint x=\"227.0\" y=\"251.0\"></omgdi:waypoint>\r\n      </bpmndi:BPMNEdge>\r\n      <bpmndi:BPMNEdge bpmnElement=\"flow2\" id=\"BPMNEdge_flow2\">\r\n        <omgdi:waypoint x=\"227.0\" y=\"306.0\"></omgdi:waypoint>\r\n        <omgdi:waypoint x=\"492.0\" y=\"330.0\"></omgdi:waypoint>\r\n        <bpmndi:BPMNLabel>\r\n          <omgdc:Bounds height=\"14.0\" width=\"100.0\" x=\"289.0\" y=\"304.0\"></omgdc:Bounds>\r\n        </bpmndi:BPMNLabel>\r\n      </bpmndi:BPMNEdge>\r\n      <bpmndi:BPMNEdge bpmnElement=\"flow4\" id=\"BPMNEdge_flow4\">\r\n        <omgdi:waypoint x=\"492.0\" y=\"385.0\"></omgdi:waypoint>\r\n        <omgdi:waypoint x=\"193.0\" y=\"438.0\"></omgdi:waypoint>\r\n        <bpmndi:BPMNLabel>\r\n          <omgdc:Bounds height=\"14.0\" width=\"100.0\" x=\"373.0\" y=\"429.0\"></omgdc:Bounds>\r\n        </bpmndi:BPMNLabel>\r\n      </bpmndi:BPMNEdge>\r\n      <bpmndi:BPMNEdge bpmnElement=\"flow5\" id=\"BPMNEdge_flow5\">\r\n        <omgdi:waypoint x=\"193.0\" y=\"493.0\"></omgdi:waypoint>\r\n        <omgdi:waypoint x=\"229.0\" y=\"580.0\"></omgdi:waypoint>\r\n        <bpmndi:BPMNLabel>\r\n          <omgdc:Bounds height=\"14.0\" width=\"100.0\" x=\"232.0\" y=\"540.0\"></omgdc:Bounds>\r\n        </bpmndi:BPMNLabel>\r\n      </bpmndi:BPMNEdge>\r\n    </bpmndi:BPMNPlane>\r\n  </bpmndi:BPMNDiagram>\r\n</definitions>',0),('67503',1,'D:\\Develop\\Projects\\SSHProjectTemplate\\target\\classes\\leave.LeaveFlow.png','67501','PNG\r\n\Z\n\0\0\0\rIHDR\0\0+\0\0q\0\0\0\0\0\"iIDATx]uqQ|3gYUcYꪫ3匭:Vn{nQh1F(H]fdDE4FSl4VDD@M`H$/<ΣϿS!v*_9\0\0\0\0\0\0\0\0\0\0\0\0\0\0\0\0\0\0\0\0\0\0\0\0\0\0\0\0\0\0\0\0\0\0\0\0\0\0\0\0\0\0\0\0\0\0\0\0\0\0\0\0\0\0\0\0\0\0\0\0\0\0\0\0\0\0\0\0\0\0\0\0\0\0\0\0\0\0\0\0\0\0\0\0\0\0\0\0\0\0\0\0\0\0\0\0\0\0\0\0\0\0\0\0\0\0\0\0\0\0\0\0\0\0\0\0\0\0\0\0\0\0\0\0\0\0\0\0\0\0\0\0\0\0\0\0\0\0\0\0\0\0\0\0\0\0\0\0\0\0\0\0\0\0\0\0\0\0\0\0\0\0\0\0\0\0\0\0\0\0\0\0\0\0\0\0\0\0\0\0\0\0\0\0\0\0\0\0\0\0\0\0\0\0\0\0\0\0\0\0\0\0\0\0\0\0\0\0\0\0\0\0\0\0\0?AӦM{UW]uE]?IwttTfstww>/_;Z5\0`M>\\p/&Nǈj֬YխZW;wmذ۫sV]vY?eu3mmmG[I\0`DM2s=38_9۷o,YRwy4i3<\n\0?_W-[Tֲe˪gu֬Fq\09};oj$mڴꪫwuur\0+T&Ope\\wuO8,/\0AK~AF9\0t1mF[n7Z|R\08s9t1X?x_Q\0>*#C׷jgYz\'\0}J͜9˧?+x\'\0-N]Xߵ+\0^f̘qIBn}{\0tSٳg+_~\0\'mҥ4#\0n&M},6;k׮XY\0vQܹAJ\0v!b\0؋#+\0@rfef\0\'>WX˧{G\0ݤ}V̙>++\0\0ꪫ.>}z2y+m\0`7SN=NCXI$\0>7.-VʟEqw\0اs9G?pa޲eˎVN\0\0Ú4iŋy\\tE6+\0~uww3<sƍ,T~*7F\0\0p@guw.cq:ےN`v駟~^}4CgWW}eYN\0!8s̙3Pj\0%}2gĉ}_W֎5*ԏ#*\0DX }J{h?>.u\n\00Ѳ/;\\{;^uUєf9ç~\0Q\"#bcZ_3Ioo/{Ɇ\r֥\'{-δ6|\0L#B.p__wT&\'馄\0\"BocY	\0 XP̕V\05Vi%\0\\cVb+\0d,J\0\0YP9%V\05V=W\0kEq\0\03mڴF<h4e5\0D4b+\0d)B]1_\0@tf+\0\Z+DJ\0\0|jF\0d#V~b%\0,e(>o%\0,5F4\0kh<J\0\0ىHo+V\0RQXm%\0\\c҈\0,ojoo?J\0\0i4\ZX_n5\0Ef++\0d)B;\Z+\0\Z+s\0\0rVV\0NGG\"Vlkk;j\0\0ىPEV\05V>Y+\0\Z+ߏ`%\0\\cem_Z	\0 ;Vy*}V\0RJ3J\0\0bζ\0@$J\0\0~|Fq\0\0j^]ŭV\0RY\0@\"Ty\0\0r_E2+\0dj=3bӦM{\0\0reJ\0\0Y*+X	\0 KfsNۭ\0kh4\0@v\"R^r\0\0TEGYa%\0\\c+\0@O#V`%\0xO\0(^r\0\0rF|J\0\0YP,Ӭ\0k+\0dh<((\0d\'Bf9J\0\0YP(B+\0\Z+?V\0Qz,\0@v\'\'\0k\r+\0d)BeF\0k<uV\0Nrr\0\0S\"V~j%\0\\c#EQ|J\0\04͖\0\0roQ/\0@v&N_#V[	\0 KeY(\0k\\I+\0\Z+Z[\0iӦ=l>bV\0NGG˲J\0\0YP9#V\0RQWGL\0@rkz\0\0h4IwZ~\0\0g%\0,EqNYJ\0\0\"Vڭ\0fy_z\0\0rYk%\0\\ceB,+\0d(ʲ<J\0\0Yj6#Vl%\0촵)gV\0Nʫb[	\0 X9+߬\0k\\s\0\0reYw+\0dh<=BeS|}\0\0fJ\0\0YP9(K\0k̎Xy\0\0rX	\0 ;V*\02E+\0\Z+GL\0@OJ\0\0i4\ZOX|\'?j\0\0iZ(_X	\0 KeY?bKV\0]ټ(k(S\"P^xx|\0rj<WXBD?k\0:c{nM+\0,(66\ZY%\0Xf?r\0jUÜbu\0ڥ<nkmmmG[\0 \'w9c\n\0S\\1+]P\0+]eY>cZ\0 ?F+c5\0`K><d0բE#Z\nŋWնmLF~ꦛn}?\0ulY\'#V:#\n򞈕~R8b#ARI@`6?k5ՊwMzb\0j7U_򆩻Mz.&(\n\0\Z+W`P߭-(\n\0++otXI	\n\0iJzMP\0+b\0p>3\\XZceՒ++\0Pkl軵Z>ϥXZc%?vXIω	\0֭ժP<^b\0jCK]l\n\0}lZYmǇ\rIߓQ\0c+:(XZc`(+\00r28C\0Ɗ+\0 VX\0\"V\0@\0bEI@\0bň\0+b\0LX# V\\\0+bE\0 VĊX\0\"V\n\0\0bE\08b1>,V\0 X1b\0ĊX\0b\n\0\0bň\0+gܹb\0b͛7W]]]UٜWV<?\0̙3Pyg51uzY3mڴ)@lYIq+Ѳ.ELFqh\0ĊtZ(b}+s˲t\0bditd\"\0Ċ]v\0b>+N V̸\"\0Ċ7;:]@ϟ/\"VvσE\0dgѢEkEAul8]@,X>nݺ?P\'fB?\'NPetC>d1Xy(2}ht\0pбFu\0ce话.\0=t\0ut\0ce(\0:>\r4N\0E\0t\008]\0N\0E\0t\00n8]\0N\0E\0t\00n8]\0+N\0E\0t\008]\0N\0E\02NUUu]wuҥK?~c2jѢEL\'\nQ*/m۶fM7	$0&r<]e[OOJz\0EҩQDڍ颎ƿEt} >V*B\0H.ЙVG+XSݵjE&=Nω	\0}(Ƙ*wc|}ʃί~y&=^b\0q;RK:Zs8z\n݊قB\0tQ2d\'jac%&(\n\0=NmG2+{\r+5A!V\0tuu=)be`+b\0j~Bep=gΜe>3\\XCR&bە1חeyY|ڲe~\\ac%&(\n\0h?O\r;_n肽Os5A!V\0`pwڽb%=\'&\n\0+[V~<cS@\\zMP\0-Vw,bkVkv+\00ukfՂ궹6T\'}O^GY\n\0Ih,b\0j9,C\0\0\Z+F\0X1b\0ĊX\0b\n\0\'\0b\n\0#V\0@\0+#3sb\0Xs.V\0@X+b\0ĊX+\0 V\n\0\"V\0ȊX\\cň\0+b\0Ċ+\0 V\n\0#V\0@\0bE\0X1b\0ܹsX4\Z\'E~͛EX5ͿbeYq\r7\0iZ/(爓;늘s_\r\0c.bEQL@i}1yվW\0@yrI3;Bec|Zzk<sbE\06mc˲|sW\"N3\"en<ԃw\0#&F9CFw͟?_=ES@\"Hј_>EL[++	\0 KrʟeyZLOɆ(o\Zco_p֭8J\n{b&\0@6ڎnZo8.恘Y1N<\',nHG,&+\n\0(%6fIFYV\0M#L+zG\'[\0PgF\'dq̺+b^ge\0ڤMxgD́P>)]bu\0Qw1_?f~O4\0@mʲ|I\'wG\Z?\\+\0Ԧ/\"L>,/WX\06\'|S\"JZ1s}ybt\0bƁojq\rLbu\0ڴZWF\\6p\'@:ce\0ڤb#JΎ-],sQk+\0(O(yWYǍR<~cFƁ\0\0鲓olݘj4\ZO:\0@m1Wl}ߝ·2\0@mxaD1ן[\06zGL(qx|y|}\0j	1On\0騲,a1qOʩFK\0&b&DsK<H|}\0\"H>EQ\\\Z2+\0ԦeYN8n&7\0jh4j\Zaegt\0ja?b>q&fi<r\0jjArnɯb~9{\0j3bn@Yx7V\0MA`Qo9%P\0\0 tdtD%V\0M$]{qrg|]I@++\0&b;(?/s12\0@\"2(i\0\"[NiGوiٴӬ\0jt/tO=zҽz\0Pt㘏rƟJw;2\0@mN9?+򴘞\rEQ\\/eu\0Zjqrmb&xO:\0@mxmDɿĬY~ox\0j1ʲ=V+\0&b\'8Y.折Y\06z(Q2s:oůOJקX\0.GE]̗crzGG,\r\0P,_sq\'E<\0\0F,lV\0\'V̜t_ooo?!ݯ\0\0q[blsC<.SX\06V&\rIz>NX\06؈cnK\\h4ʌ)_XPku\0򴈒we }ܸ(/7<ƍG-Vh\0Bwwe\'\'ذ1h4`u\n\0&mqseLi+|+#V\06EQ0䂘UO㭌Xڜza2)1k5VF\0hn	1On_4pDK><d0բExFƍ):-?,7?1qOʩF\Z\0R\nŋWնmLF~ꦛn}˄}QJGG>G4{bn\'\0#*B%`ӳr2{ T&P>EQ\\\Z2?\0+ԏ({\"Vv}\"87$T(ZggSxn^q`<J{{8q+]!jH\\G욈c>px~ײ\0ZvM]JDȌ}<2y\0Qƾj_0uIϥJȴʮq=\n\0Gl^Bep~bX9O4\0Gdac%&(F?VʲeHlbe\r\08\"ceyϴac%&(kUb^Z\0ĊX2V\0b%&(\n\0\Z+\\9lXZceC߭])x.&(\n\0\Z+iٵ{JzNL\0?VnVxާ+\0P[jXrŰ׬b+V\0`cejͪms?>lN\0X9GY\n\0\Z+s4eGYXQ\rb\0F5VX\0b\n\0\0bň\0+bO*\0bň\0+F\0X+\0 Vf?o3V\0+=7گ\0+bE\0X+\0 VĊX\0\"V\0@\0bG\n\0IĊ+\0 V\n\0#V\0@\0+F\0X1b\0ĊX\0b\n\0\0bň\0+F\0X+\0 VX\0\"V\0@\0? {X\'#֢EL[++pZ`.\\up$e˖qsD%Joo=1pDO{_N7#Tg޼yiV?X)T\0l6olZo\0@ʲ<7r+\0dj:be\0\0ruT\\\\K\0d,oEq\0\0B%\0\0NSA(\0d)bWb[+\0d)}|(s\01\\+\0d+W\0d\0@l\0d\0@l\0\0@l\0d\0@l\0d\0@l\0d\0@l\0d\0@l\0\0@l\0d\0@l\0d\0@l\0d\0@l\0d\0@l\0d\0@l\0\0@l\0d\0@l\0d\0@l\0d\0@l\0d\0@l\0\0@Fr)_XPku\0OHnp36Fu\0OHn/V\0Q1R[\0`Tb\0#X\0FHm@\0>\05[\0Y>\0;[\0yɭ\0FHn\00Fr}\0Q1R[\0z\0`T\0\0b\05\0f}\0 k\0rg}\0 o\0f}\0 k\0g}\0 k\0f}\0 kCo6h\0\0JqRj`jkk;\n\0u1=$N۬\0Pg|m?ReyU\0jh4Iץ\'X&X%\0V]]].X\\\\\0da`5{ʃ.\0j^+ˬ\n\0tDe V\"\0@vʲlPccVqz(.IQW>m\0Q~BFp8>fG.׸\0\0#n`ke(tŪ\0#\"m6pd.vbŊj͚5C=T%۷o;9sW0}\n\0e`3FWWW}W-[TfͪL[E1]k	Cuعsg5gΜ]Gfb\\\0yD\Z#:u`y(<\0p@ר<K.FC%]2K/\0\0\ZώGTFSwrw\0ا(~1\Z<3M6UgyЋn?\0\06|G{1x\0ك><.첡Y\0tcŇH;w\0``(OeqP\0\0.c	I\0W<	^[=]Y\0\0z0S@{{ws;\0#0x:Mxg\0bnb\0o8\0+Y\0\0+rg%C\\\0v)rb;N:uhL\0\0ttt<w轁6mT*yg\0Gne̙c+3f\Z+xG\0=4iҤ1s__߮#:zw\0M[[\n\rìY,V.¡70w\0اGWґ*szgG˼\0\"fÇ?j˖-*K,OY\0`\Zq\rb黶PrQ-\0p芢x}HהlذaDOqDIXy\0ࠕeWҤ i;G.`\n\0వ1иH;҆oi=:#T\0G,˗+ﯾoV/Z\'(Lggԏi~D\\QÙ\'\0bB\r \']ri1Y>.i5eY+\"lnJ\0\0\0\0\0\0\0\0\0\0\0\0\0\0\0\0\0\'o6\0\0\0\0IENDB`',1),('70002',1,'D:\\Develop\\Projects\\SSHProjectTemplate\\target\\zjcscut\\WEB-INF\\classes\\leave.bpmn','70001','<?xml version=\"1.0\" encoding=\"UTF-8\"?>\r\n<definitions xmlns=\"http://www.omg.org/spec/BPMN/20100524/MODEL\" xmlns:xsi=\"http://www.w3.org/2001/XMLSchema-instance\" xmlns:xsd=\"http://www.w3.org/2001/XMLSchema\" xmlns:activiti=\"http://activiti.org/bpmn\" xmlns:bpmndi=\"http://www.omg.org/spec/BPMN/20100524/DI\" xmlns:omgdc=\"http://www.omg.org/spec/DD/20100524/DC\" xmlns:omgdi=\"http://www.omg.org/spec/DD/20100524/DI\" typeLanguage=\"http://www.w3.org/2001/XMLSchema\" expressionLanguage=\"http://www.w3.org/1999/XPath\" targetNamespace=\"http://www.activiti.org/test\">\r\n  <process id=\"LeaveFlow\" name=\"请假流程\" isExecutable=\"true\">\r\n    <startEvent id=\"startevent1\" name=\"Start\"></startEvent>\r\n    <endEvent id=\"endevent1\" name=\"End\"></endEvent>\r\n    <userTask id=\"usertask2\" name=\"部门经理审批\" activiti:assignee=\"经理\"></userTask>\r\n    <userTask id=\"usertask4\" name=\"员工请假申请\" activiti:assignee=\"员工\"></userTask>\r\n    <sequenceFlow id=\"flow1\" sourceRef=\"startevent1\" targetRef=\"usertask4\"></sequenceFlow>\r\n    <sequenceFlow id=\"flow2\" name=\"提交申请\" sourceRef=\"usertask4\" targetRef=\"usertask2\"></sequenceFlow>\r\n    <userTask id=\"usertask5\" name=\"老板审批\" activiti:assignee=\"老板\"></userTask>\r\n    <sequenceFlow id=\"flow4\" name=\"经理审批\" sourceRef=\"usertask2\" targetRef=\"usertask5\"></sequenceFlow>\r\n    <sequenceFlow id=\"flow5\" name=\"老板审批\" sourceRef=\"usertask5\" targetRef=\"endevent1\"></sequenceFlow>\r\n  </process>\r\n  <bpmndi:BPMNDiagram id=\"BPMNDiagram_LeaveFlow\">\r\n    <bpmndi:BPMNPlane bpmnElement=\"LeaveFlow\" id=\"BPMNPlane_LeaveFlow\">\r\n      <bpmndi:BPMNShape bpmnElement=\"startevent1\" id=\"BPMNShape_startevent1\">\r\n        <omgdc:Bounds height=\"35.0\" width=\"35.0\" x=\"245.0\" y=\"100.0\"></omgdc:Bounds>\r\n      </bpmndi:BPMNShape>\r\n      <bpmndi:BPMNShape bpmnElement=\"endevent1\" id=\"BPMNShape_endevent1\">\r\n        <omgdc:Bounds height=\"35.0\" width=\"35.0\" x=\"212.0\" y=\"580.0\"></omgdc:Bounds>\r\n      </bpmndi:BPMNShape>\r\n      <bpmndi:BPMNShape bpmnElement=\"usertask2\" id=\"BPMNShape_usertask2\">\r\n        <omgdc:Bounds height=\"55.0\" width=\"105.0\" x=\"440.0\" y=\"330.0\"></omgdc:Bounds>\r\n      </bpmndi:BPMNShape>\r\n      <bpmndi:BPMNShape bpmnElement=\"usertask4\" id=\"BPMNShape_usertask4\">\r\n        <omgdc:Bounds height=\"55.0\" width=\"105.0\" x=\"175.0\" y=\"251.0\"></omgdc:Bounds>\r\n      </bpmndi:BPMNShape>\r\n      <bpmndi:BPMNShape bpmnElement=\"usertask5\" id=\"BPMNShape_usertask5\">\r\n        <omgdc:Bounds height=\"55.0\" width=\"105.0\" x=\"141.0\" y=\"438.0\"></omgdc:Bounds>\r\n      </bpmndi:BPMNShape>\r\n      <bpmndi:BPMNEdge bpmnElement=\"flow1\" id=\"BPMNEdge_flow1\">\r\n        <omgdi:waypoint x=\"262.0\" y=\"135.0\"></omgdi:waypoint>\r\n        <omgdi:waypoint x=\"227.0\" y=\"251.0\"></omgdi:waypoint>\r\n      </bpmndi:BPMNEdge>\r\n      <bpmndi:BPMNEdge bpmnElement=\"flow2\" id=\"BPMNEdge_flow2\">\r\n        <omgdi:waypoint x=\"227.0\" y=\"306.0\"></omgdi:waypoint>\r\n        <omgdi:waypoint x=\"492.0\" y=\"330.0\"></omgdi:waypoint>\r\n        <bpmndi:BPMNLabel>\r\n          <omgdc:Bounds height=\"14.0\" width=\"100.0\" x=\"289.0\" y=\"304.0\"></omgdc:Bounds>\r\n        </bpmndi:BPMNLabel>\r\n      </bpmndi:BPMNEdge>\r\n      <bpmndi:BPMNEdge bpmnElement=\"flow4\" id=\"BPMNEdge_flow4\">\r\n        <omgdi:waypoint x=\"492.0\" y=\"385.0\"></omgdi:waypoint>\r\n        <omgdi:waypoint x=\"193.0\" y=\"438.0\"></omgdi:waypoint>\r\n        <bpmndi:BPMNLabel>\r\n          <omgdc:Bounds height=\"14.0\" width=\"100.0\" x=\"373.0\" y=\"429.0\"></omgdc:Bounds>\r\n        </bpmndi:BPMNLabel>\r\n      </bpmndi:BPMNEdge>\r\n      <bpmndi:BPMNEdge bpmnElement=\"flow5\" id=\"BPMNEdge_flow5\">\r\n        <omgdi:waypoint x=\"193.0\" y=\"493.0\"></omgdi:waypoint>\r\n        <omgdi:waypoint x=\"229.0\" y=\"580.0\"></omgdi:waypoint>\r\n        <bpmndi:BPMNLabel>\r\n          <omgdc:Bounds height=\"14.0\" width=\"100.0\" x=\"232.0\" y=\"540.0\"></omgdc:Bounds>\r\n        </bpmndi:BPMNLabel>\r\n      </bpmndi:BPMNEdge>\r\n    </bpmndi:BPMNPlane>\r\n  </bpmndi:BPMNDiagram>\r\n</definitions>',0),('70003',1,'D:\\Develop\\Projects\\SSHProjectTemplate\\target\\zjcscut\\WEB-INF\\classes\\leave.LeaveFlow.png','70001','PNG\r\n\Z\n\0\0\0\rIHDR\0\0+\0\0q\0\0\0\0\0\"iIDATx]uqQ|3gYUcYꪫ3匭:Vn{nQh1F(H]fdDE4FSl4VDD@M`H$/<ΣϿS!v*_9\0\0\0\0\0\0\0\0\0\0\0\0\0\0\0\0\0\0\0\0\0\0\0\0\0\0\0\0\0\0\0\0\0\0\0\0\0\0\0\0\0\0\0\0\0\0\0\0\0\0\0\0\0\0\0\0\0\0\0\0\0\0\0\0\0\0\0\0\0\0\0\0\0\0\0\0\0\0\0\0\0\0\0\0\0\0\0\0\0\0\0\0\0\0\0\0\0\0\0\0\0\0\0\0\0\0\0\0\0\0\0\0\0\0\0\0\0\0\0\0\0\0\0\0\0\0\0\0\0\0\0\0\0\0\0\0\0\0\0\0\0\0\0\0\0\0\0\0\0\0\0\0\0\0\0\0\0\0\0\0\0\0\0\0\0\0\0\0\0\0\0\0\0\0\0\0\0\0\0\0\0\0\0\0\0\0\0\0\0\0\0\0\0\0\0\0\0\0\0\0\0\0\0\0\0\0\0\0\0\0\0\0\0\0\0?AӦM{UW]uE]?IwttTfstww>/_;Z5\0`M>\\p/&Nǈj֬YխZW;wmذ۫sV]vY?eu3mmmG[I\0`DM2s=38_9۷o,YRwy4i3<\n\0?_W-[Tֲe˪gu֬Fq\09};oj$mڴꪫwuur\0+T&Ope\\wuO8,/\0AK~AF9\0t1mF[n7Z|R\08s9t1X?x_Q\0>*#C׷jgYz\'\0}J͜9˧?+x\'\0-N]Xߵ+\0^f̘qIBn}{\0tSٳg+_~\0\'mҥ4#\0n&M},6;k׮XY\0vQܹAJ\0v!b\0؋#+\0@rfef\0\'>WX˧{G\0ݤ}V̙>++\0\0ꪫ.>}z2y+m\0`7SN=NCXI$\0>7.-VʟEqw\0اs9G?pa޲eˎVN\0\0Ú4iŋy\\tE6+\0~uww3<sƍ,T~*7F\0\0p@guw.cq:ےN`v駟~^}4CgWW}eYN\0!8s̙3Pj\0%}2gĉ}_W֎5*ԏ#*\0DX }J{h?>.u\n\00Ѳ/;\\{;^uUєf9ç~\0Q\"#bcZ_3Ioo/{Ɇ\r֥\'{-δ6|\0L#B.p__wT&\'馄\0\"BocY	\0 XP̕V\05Vi%\0\\cVb+\0d,J\0\0YP9%V\05V=W\0kEq\0\03mڴF<h4e5\0D4b+\0d)B]1_\0@tf+\0\Z+DJ\0\0|jF\0d#V~b%\0,e(>o%\0,5F4\0kh<J\0\0ىHo+V\0RQXm%\0\\c҈\0,ojoo?J\0\0i4\ZX_n5\0Ef++\0d)B;\Z+\0\Z+s\0\0rVV\0NGG\"Vlkk;j\0\0ىPEV\05V>Y+\0\Z+ߏ`%\0\\cem_Z	\0 ;Vy*}V\0RJ3J\0\0bζ\0@$J\0\0~|Fq\0\0j^]ŭV\0RY\0@\"Ty\0\0r_E2+\0dj=3bӦM{\0\0reJ\0\0Y*+X	\0 KfsNۭ\0kh4\0@v\"R^r\0\0TEGYa%\0\\c+\0@O#V`%\0xO\0(^r\0\0rF|J\0\0YP,Ӭ\0k+\0dh<((\0d\'Bf9J\0\0YP(B+\0\Z+?V\0Qz,\0@v\'\'\0k\r+\0d)BeF\0k<uV\0Nrr\0\0S\"V~j%\0\\c#EQ|J\0\04͖\0\0roQ/\0@v&N_#V[	\0 KeY(\0k\\I+\0\Z+Z[\0iӦ=l>bV\0NGG˲J\0\0YP9#V\0RQWGL\0@rkz\0\0h4IwZ~\0\0g%\0,EqNYJ\0\0\"Vڭ\0fy_z\0\0rYk%\0\\ceB,+\0d(ʲ<J\0\0Yj6#Vl%\0촵)gV\0Nʫb[	\0 X9+߬\0k\\s\0\0reYw+\0dh<=BeS|}\0\0fJ\0\0YP9(K\0k̎Xy\0\0rX	\0 ;V*\02E+\0\Z+GL\0@OJ\0\0i4\ZOX|\'?j\0\0iZ(_X	\0 KeY?bKV\0]ټ(k(S\"P^xx|\0rj<WXBD?k\0:c{nM+\0,(66\ZY%\0Xf?r\0jUÜbu\0ڥ<nkmmmG[\0 \'w9c\n\0S\\1+]P\0+]eY>cZ\0 ?F+c5\0`K><d0բE#Z\nŋWնmLF~ꦛn}?\0ulY\'#V:#\n򞈕~R8b#ARI@`6?k5ՊwMzb\0j7U_򆩻Mz.&(\n\0\Z+W`P߭-(\n\0++otXI	\n\0iJzMP\0+b\0p>3\\XZceՒ++\0Pkl軵Z>ϥXZc%?vXIω	\0֭ժP<^b\0jCK]l\n\0}lZYmǇ\rIߓQ\0c+:(XZc`(+\00r28C\0Ɗ+\0 VX\0\"V\0@\0bEI@\0bň\0+b\0LX# V\\\0+bE\0 VĊX\0\"V\n\0\0bE\08b1>,V\0 X1b\0ĊX\0b\n\0\0bň\0+gܹb\0b͛7W]]]UٜWV<?\0̙3Pyg51uzY3mڴ)@lYIq+Ѳ.ELFqh\0ĊtZ(b}+s˲t\0bditd\"\0Ċ]v\0b>+N V̸\"\0Ċ7;:]@ϟ/\"VvσE\0dgѢEkEAul8]@,X>nݺ?P\'fB?\'NPetC>d1Xy(2}ht\0pбFu\0ce话.\0=t\0ut\0ce(\0:>\r4N\0E\0t\008]\0N\0E\0t\00n8]\0N\0E\0t\00n8]\0+N\0E\0t\008]\0N\0E\02NUUu]wuҥK?~c2jѢEL\'\nQ*/m۶fM7	$0&r<]e[OOJz\0EҩQDڍ颎ƿEt} >V*B\0H.ЙVG+XSݵjE&=Nω	\0}(Ƙ*wc|}ʃί~y&=^b\0q;RK:Zs8z\n݊قB\0tQ2d\'jac%&(\n\0=NmG2+{\r+5A!V\0tuu=)be`+b\0j~Bep=gΜe>3\\XCR&bە1חeyY|ڲe~\\ac%&(\n\0h?O\r;_n肽Os5A!V\0`pwڽb%=\'&\n\0+[V~<cS@\\zMP\0-Vw,bkVkv+\00ukfՂ궹6T\'}O^GY\n\0Ih,b\0j9,C\0\0\Z+F\0X1b\0ĊX\0b\n\0\'\0b\n\0#V\0@\0+#3sb\0Xs.V\0@X+b\0ĊX+\0 V\n\0\"V\0ȊX\\cň\0+b\0Ċ+\0 V\n\0#V\0@\0bE\0X1b\0ܹsX4\Z\'E~͛EX5ͿbeYq\r7\0iZ/(爓;늘s_\r\0c.bEQL@i}1yվW\0@yrI3;Bec|Zzk<sbE\06mc˲|sW\"N3\"en<ԃw\0#&F9CFw͟?_=ES@\"Hј_>EL[++	\0 KrʟeyZLOɆ(o\Zco_p֭8J\n{b&\0@6ڎnZo8.恘Y1N<\',nHG,&+\n\0(%6fIFYV\0M#L+zG\'[\0PgF\'dq̺+b^ge\0ڤMxgD́P>)]bu\0Qw1_?f~O4\0@mʲ|I\'wG\Z?\\+\0Ԧ/\"L>,/WX\06\'|S\"JZ1s}ybt\0bƁojq\rLbu\0ڴZWF\\6p\'@:ce\0ڤb#JΎ-],sQk+\0(O(yWYǍR<~cFƁ\0\0鲓olݘj4\ZO:\0@m1Wl}ߝ·2\0@mxaD1ן[\06zGL(qx|y|}\0j	1On\0騲,a1qOʩFK\0&b&DsK<H|}\0\"H>EQ\\\Z2+\0ԦeYN8n&7\0jh4j\Zaegt\0ja?b>q&fi<r\0jjArnɯb~9{\0j3bn@Yx7V\0MA`Qo9%P\0\0 tdtD%V\0M$]{qrg|]I@++\0&b;(?/s12\0@\"2(i\0\"[NiGوiٴӬ\0jt/tO=zҽz\0Pt㘏rƟJw;2\0@mN9?+򴘞\rEQ\\/eu\0Zjqrmb&xO:\0@mxmDɿĬY~ox\0j1ʲ=V+\0&b\'8Y.折Y\06z(Q2s:oůOJקX\0.GE]̗crzGG,\r\0P,_sq\'E<\0\0F,lV\0\'V̜t_ooo?!ݯ\0\0q[blsC<.SX\06V&\rIz>NX\06؈cnK\\h4ʌ)_XPku\0򴈒we }ܸ(/7<ƍG-Vh\0Bwwe\'\'ذ1h4`u\n\0&mqseLi+|+#V\06EQ0䂘UO㭌Xڜza2)1k5VF\0hn	1On_4pDK><d0բExFƍ):-?,7?1qOʩF\Z\0R\nŋWնmLF~ꦛn}˄}QJGG>G4{bn\'\0#*B%`ӳr2{ T&P>EQ\\\Z2?\0+ԏ({\"Vv}\"87$T(ZggSxn^q`<J{{8q+]!jH\\G욈c>px~ײ\0ZvM]JDȌ}<2y\0Qƾj_0uIϥJȴʮq=\n\0Gl^Bep~bX9O4\0Gdac%&(F?VʲeHlbe\r\08\"ceyϴac%&(kUb^Z\0ĊX2V\0b%&(\n\0\Z+\\9lXZceC߭])x.&(\n\0\Z+iٵ{JzNL\0?VnVxާ+\0P[jXrŰ׬b+V\0`cejͪms?>lN\0X9GY\n\0\Z+s4eGYXQ\rb\0F5VX\0b\n\0\0bň\0+bO*\0bň\0+F\0X+\0 Vf?o3V\0+=7گ\0+bE\0X+\0 VĊX\0\"V\0@\0bG\n\0IĊ+\0 V\n\0#V\0@\0+F\0X1b\0ĊX\0b\n\0\0bň\0+F\0X+\0 VX\0\"V\0@\0? {X\'#֢EL[++pZ`.\\up$e˖qsD%Joo=1pDO{_N7#Tg޼yiV?X)T\0l6olZo\0@ʲ<7r+\0dj:be\0\0ruT\\\\K\0d,oEq\0\0B%\0\0NSA(\0d)bWb[+\0d)}|(s\01\\+\0d+W\0d\0@l\0d\0@l\0\0@l\0d\0@l\0d\0@l\0d\0@l\0d\0@l\0\0@l\0d\0@l\0d\0@l\0d\0@l\0d\0@l\0d\0@l\0\0@l\0d\0@l\0d\0@l\0d\0@l\0d\0@l\0\0@Fr)_XPku\0OHnp36Fu\0OHn/V\0Q1R[\0`Tb\0#X\0FHm@\0>\05[\0Y>\0;[\0yɭ\0FHn\00Fr}\0Q1R[\0z\0`T\0\0b\05\0f}\0 k\0rg}\0 o\0f}\0 k\0g}\0 k\0f}\0 kCo6h\0\0JqRj`jkk;\n\0u1=$N۬\0Pg|m?ReyU\0jh4Iץ\'X&X%\0V]]].X\\\\\0da`5{ʃ.\0j^+ˬ\n\0tDe V\"\0@vʲlPccVqz(.IQW>m\0Q~BFp8>fG.׸\0\0#n`ke(tŪ\0#\"m6pd.vbŊj͚5C=T%۷o;9sW0}\n\0e`3FWWW}W-[TfͪL[E1]k	Cuعsg5gΜ]Gfb\\\0yD\Z#:u`y(<\0p@ר<K.FC%]2K/\0\0\ZώGTFSwrw\0ا(~1\Z<3M6UgyЋn?\0\06|G{1x\0ك><.첡Y\0tcŇH;w\0``(OeqP\0\0.c	I\0W<	^[=]Y\0\0z0S@{{ws;\0#0x:Mxg\0bnb\0o8\0+Y\0\0+rg%C\\\0v)rb;N:uhL\0\0ttt<w轁6mT*yg\0Gne̙c+3f\Z+xG\0=4iҤ1s__߮#:zw\0M[[\n\rìY,V.¡70w\0اGWґ*szgG˼\0\"fÇ?j˖-*K,OY\0`\Zq\rb黶PrQ-\0p芢x}HהlذaDOqDIXy\0ࠕeWҤ i;G.`\n\0వ1иH;҆oi=:#T\0G,˗+ﯾoV/Z\'(Lggԏi~D\\QÙ\'\0bB\r \']ri1Y>.i5eY+\"lnJ\0\0\0\0\0\0\0\0\0\0\0\0\0\0\0\0\0\'o6\0\0\0\0IENDB`',1),('72502',1,'D:\\Develop\\Projects\\SSHProjectTemplate\\target\\classes\\leave.bpmn','72501','<?xml version=\"1.0\" encoding=\"UTF-8\"?>\r\n<definitions xmlns=\"http://www.omg.org/spec/BPMN/20100524/MODEL\" xmlns:xsi=\"http://www.w3.org/2001/XMLSchema-instance\" xmlns:xsd=\"http://www.w3.org/2001/XMLSchema\" xmlns:activiti=\"http://activiti.org/bpmn\" xmlns:bpmndi=\"http://www.omg.org/spec/BPMN/20100524/DI\" xmlns:omgdc=\"http://www.omg.org/spec/DD/20100524/DC\" xmlns:omgdi=\"http://www.omg.org/spec/DD/20100524/DI\" typeLanguage=\"http://www.w3.org/2001/XMLSchema\" expressionLanguage=\"http://www.w3.org/1999/XPath\" targetNamespace=\"http://www.activiti.org/test\">\r\n  <process id=\"LeaveFlow\" name=\"请假流程\" isExecutable=\"true\">\r\n    <startEvent id=\"startevent1\" name=\"Start\"></startEvent>\r\n    <endEvent id=\"endevent1\" name=\"End\"></endEvent>\r\n    <userTask id=\"usertask2\" name=\"部门经理审批\" activiti:assignee=\"经理\"></userTask>\r\n    <userTask id=\"usertask4\" name=\"员工请假申请\" activiti:assignee=\"员工\"></userTask>\r\n    <sequenceFlow id=\"flow1\" sourceRef=\"startevent1\" targetRef=\"usertask4\"></sequenceFlow>\r\n    <sequenceFlow id=\"flow2\" name=\"提交申请\" sourceRef=\"usertask4\" targetRef=\"usertask2\"></sequenceFlow>\r\n    <userTask id=\"usertask5\" name=\"老板审批\" activiti:assignee=\"老板\"></userTask>\r\n    <sequenceFlow id=\"flow4\" name=\"经理审批\" sourceRef=\"usertask2\" targetRef=\"usertask5\"></sequenceFlow>\r\n    <sequenceFlow id=\"flow5\" name=\"老板审批\" sourceRef=\"usertask5\" targetRef=\"endevent1\"></sequenceFlow>\r\n  </process>\r\n  <bpmndi:BPMNDiagram id=\"BPMNDiagram_LeaveFlow\">\r\n    <bpmndi:BPMNPlane bpmnElement=\"LeaveFlow\" id=\"BPMNPlane_LeaveFlow\">\r\n      <bpmndi:BPMNShape bpmnElement=\"startevent1\" id=\"BPMNShape_startevent1\">\r\n        <omgdc:Bounds height=\"35.0\" width=\"35.0\" x=\"245.0\" y=\"100.0\"></omgdc:Bounds>\r\n      </bpmndi:BPMNShape>\r\n      <bpmndi:BPMNShape bpmnElement=\"endevent1\" id=\"BPMNShape_endevent1\">\r\n        <omgdc:Bounds height=\"35.0\" width=\"35.0\" x=\"212.0\" y=\"580.0\"></omgdc:Bounds>\r\n      </bpmndi:BPMNShape>\r\n      <bpmndi:BPMNShape bpmnElement=\"usertask2\" id=\"BPMNShape_usertask2\">\r\n        <omgdc:Bounds height=\"55.0\" width=\"105.0\" x=\"440.0\" y=\"330.0\"></omgdc:Bounds>\r\n      </bpmndi:BPMNShape>\r\n      <bpmndi:BPMNShape bpmnElement=\"usertask4\" id=\"BPMNShape_usertask4\">\r\n        <omgdc:Bounds height=\"55.0\" width=\"105.0\" x=\"175.0\" y=\"251.0\"></omgdc:Bounds>\r\n      </bpmndi:BPMNShape>\r\n      <bpmndi:BPMNShape bpmnElement=\"usertask5\" id=\"BPMNShape_usertask5\">\r\n        <omgdc:Bounds height=\"55.0\" width=\"105.0\" x=\"141.0\" y=\"438.0\"></omgdc:Bounds>\r\n      </bpmndi:BPMNShape>\r\n      <bpmndi:BPMNEdge bpmnElement=\"flow1\" id=\"BPMNEdge_flow1\">\r\n        <omgdi:waypoint x=\"262.0\" y=\"135.0\"></omgdi:waypoint>\r\n        <omgdi:waypoint x=\"227.0\" y=\"251.0\"></omgdi:waypoint>\r\n      </bpmndi:BPMNEdge>\r\n      <bpmndi:BPMNEdge bpmnElement=\"flow2\" id=\"BPMNEdge_flow2\">\r\n        <omgdi:waypoint x=\"227.0\" y=\"306.0\"></omgdi:waypoint>\r\n        <omgdi:waypoint x=\"492.0\" y=\"330.0\"></omgdi:waypoint>\r\n        <bpmndi:BPMNLabel>\r\n          <omgdc:Bounds height=\"14.0\" width=\"100.0\" x=\"289.0\" y=\"304.0\"></omgdc:Bounds>\r\n        </bpmndi:BPMNLabel>\r\n      </bpmndi:BPMNEdge>\r\n      <bpmndi:BPMNEdge bpmnElement=\"flow4\" id=\"BPMNEdge_flow4\">\r\n        <omgdi:waypoint x=\"492.0\" y=\"385.0\"></omgdi:waypoint>\r\n        <omgdi:waypoint x=\"193.0\" y=\"438.0\"></omgdi:waypoint>\r\n        <bpmndi:BPMNLabel>\r\n          <omgdc:Bounds height=\"14.0\" width=\"100.0\" x=\"373.0\" y=\"429.0\"></omgdc:Bounds>\r\n        </bpmndi:BPMNLabel>\r\n      </bpmndi:BPMNEdge>\r\n      <bpmndi:BPMNEdge bpmnElement=\"flow5\" id=\"BPMNEdge_flow5\">\r\n        <omgdi:waypoint x=\"193.0\" y=\"493.0\"></omgdi:waypoint>\r\n        <omgdi:waypoint x=\"229.0\" y=\"580.0\"></omgdi:waypoint>\r\n        <bpmndi:BPMNLabel>\r\n          <omgdc:Bounds height=\"14.0\" width=\"100.0\" x=\"232.0\" y=\"540.0\"></omgdc:Bounds>\r\n        </bpmndi:BPMNLabel>\r\n      </bpmndi:BPMNEdge>\r\n    </bpmndi:BPMNPlane>\r\n  </bpmndi:BPMNDiagram>\r\n</definitions>',0),('72503',1,'D:\\Develop\\Projects\\SSHProjectTemplate\\target\\classes\\leave.LeaveFlow.png','72501','PNG\r\n\Z\n\0\0\0\rIHDR\0\0+\0\0q\0\0\0\0\0\"iIDATx]uqQ|3gYUcYꪫ3匭:Vn{nQh1F(H]fdDE4FSl4VDD@M`H$/<ΣϿS!v*_9\0\0\0\0\0\0\0\0\0\0\0\0\0\0\0\0\0\0\0\0\0\0\0\0\0\0\0\0\0\0\0\0\0\0\0\0\0\0\0\0\0\0\0\0\0\0\0\0\0\0\0\0\0\0\0\0\0\0\0\0\0\0\0\0\0\0\0\0\0\0\0\0\0\0\0\0\0\0\0\0\0\0\0\0\0\0\0\0\0\0\0\0\0\0\0\0\0\0\0\0\0\0\0\0\0\0\0\0\0\0\0\0\0\0\0\0\0\0\0\0\0\0\0\0\0\0\0\0\0\0\0\0\0\0\0\0\0\0\0\0\0\0\0\0\0\0\0\0\0\0\0\0\0\0\0\0\0\0\0\0\0\0\0\0\0\0\0\0\0\0\0\0\0\0\0\0\0\0\0\0\0\0\0\0\0\0\0\0\0\0\0\0\0\0\0\0\0\0\0\0\0\0\0\0\0\0\0\0\0\0\0\0\0\0\0?AӦM{UW]uE]?IwttTfstww>/_;Z5\0`M>\\p/&Nǈj֬YխZW;wmذ۫sV]vY?eu3mmmG[I\0`DM2s=38_9۷o,YRwy4i3<\n\0?_W-[Tֲe˪gu֬Fq\09};oj$mڴꪫwuur\0+T&Ope\\wuO8,/\0AK~AF9\0t1mF[n7Z|R\08s9t1X?x_Q\0>*#C׷jgYz\'\0}J͜9˧?+x\'\0-N]Xߵ+\0^f̘qIBn}{\0tSٳg+_~\0\'mҥ4#\0n&M},6;k׮XY\0vQܹAJ\0v!b\0؋#+\0@rfef\0\'>WX˧{G\0ݤ}V̙>++\0\0ꪫ.>}z2y+m\0`7SN=NCXI$\0>7.-VʟEqw\0اs9G?pa޲eˎVN\0\0Ú4iŋy\\tE6+\0~uww3<sƍ,T~*7F\0\0p@guw.cq:ےN`v駟~^}4CgWW}eYN\0!8s̙3Pj\0%}2gĉ}_W֎5*ԏ#*\0DX }J{h?>.u\n\00Ѳ/;\\{;^uUєf9ç~\0Q\"#bcZ_3Ioo/{Ɇ\r֥\'{-δ6|\0L#B.p__wT&\'馄\0\"BocY	\0 XP̕V\05Vi%\0\\cVb+\0d,J\0\0YP9%V\05V=W\0kEq\0\03mڴF<h4e5\0D4b+\0d)B]1_\0@tf+\0\Z+DJ\0\0|jF\0d#V~b%\0,e(>o%\0,5F4\0kh<J\0\0ىHo+V\0RQXm%\0\\c҈\0,ojoo?J\0\0i4\ZX_n5\0Ef++\0d)B;\Z+\0\Z+s\0\0rVV\0NGG\"Vlkk;j\0\0ىPEV\05V>Y+\0\Z+ߏ`%\0\\cem_Z	\0 ;Vy*}V\0RJ3J\0\0bζ\0@$J\0\0~|Fq\0\0j^]ŭV\0RY\0@\"Ty\0\0r_E2+\0dj=3bӦM{\0\0reJ\0\0Y*+X	\0 KfsNۭ\0kh4\0@v\"R^r\0\0TEGYa%\0\\c+\0@O#V`%\0xO\0(^r\0\0rF|J\0\0YP,Ӭ\0k+\0dh<((\0d\'Bf9J\0\0YP(B+\0\Z+?V\0Qz,\0@v\'\'\0k\r+\0d)BeF\0k<uV\0Nrr\0\0S\"V~j%\0\\c#EQ|J\0\04͖\0\0roQ/\0@v&N_#V[	\0 KeY(\0k\\I+\0\Z+Z[\0iӦ=l>bV\0NGG˲J\0\0YP9#V\0RQWGL\0@rkz\0\0h4IwZ~\0\0g%\0,EqNYJ\0\0\"Vڭ\0fy_z\0\0rYk%\0\\ceB,+\0d(ʲ<J\0\0Yj6#Vl%\0촵)gV\0Nʫb[	\0 X9+߬\0k\\s\0\0reYw+\0dh<=BeS|}\0\0fJ\0\0YP9(K\0k̎Xy\0\0rX	\0 ;V*\02E+\0\Z+GL\0@OJ\0\0i4\ZOX|\'?j\0\0iZ(_X	\0 KeY?bKV\0]ټ(k(S\"P^xx|\0rj<WXBD?k\0:c{nM+\0,(66\ZY%\0Xf?r\0jUÜbu\0ڥ<nkmmmG[\0 \'w9c\n\0S\\1+]P\0+]eY>cZ\0 ?F+c5\0`K><d0բE#Z\nŋWնmLF~ꦛn}?\0ulY\'#V:#\n򞈕~R8b#ARI@`6?k5ՊwMzb\0j7U_򆩻Mz.&(\n\0\Z+W`P߭-(\n\0++otXI	\n\0iJzMP\0+b\0p>3\\XZceՒ++\0Pkl軵Z>ϥXZc%?vXIω	\0֭ժP<^b\0jCK]l\n\0}lZYmǇ\rIߓQ\0c+:(XZc`(+\00r28C\0Ɗ+\0 VX\0\"V\0@\0bEI@\0bň\0+b\0LX# V\\\0+bE\0 VĊX\0\"V\n\0\0bE\08b1>,V\0 X1b\0ĊX\0b\n\0\0bň\0+gܹb\0b͛7W]]]UٜWV<?\0̙3Pyg51uzY3mڴ)@lYIq+Ѳ.ELFqh\0ĊtZ(b}+s˲t\0bditd\"\0Ċ]v\0b>+N V̸\"\0Ċ7;:]@ϟ/\"VvσE\0dgѢEkEAul8]@,X>nݺ?P\'fB?\'NPetC>d1Xy(2}ht\0pбFu\0ce话.\0=t\0ut\0ce(\0:>\r4N\0E\0t\008]\0N\0E\0t\00n8]\0N\0E\0t\00n8]\0+N\0E\0t\008]\0N\0E\02NUUu]wuҥK?~c2jѢEL\'\nQ*/m۶fM7	$0&r<]e[OOJz\0EҩQDڍ颎ƿEt} >V*B\0H.ЙVG+XSݵjE&=Nω	\0}(Ƙ*wc|}ʃί~y&=^b\0q;RK:Zs8z\n݊قB\0tQ2d\'jac%&(\n\0=NmG2+{\r+5A!V\0tuu=)be`+b\0j~Bep=gΜe>3\\XCR&bە1חeyY|ڲe~\\ac%&(\n\0h?O\r;_n肽Os5A!V\0`pwڽb%=\'&\n\0+[V~<cS@\\zMP\0-Vw,bkVkv+\00ukfՂ궹6T\'}O^GY\n\0Ih,b\0j9,C\0\0\Z+F\0X1b\0ĊX\0b\n\0\'\0b\n\0#V\0@\0+#3sb\0Xs.V\0@X+b\0ĊX+\0 V\n\0\"V\0ȊX\\cň\0+b\0Ċ+\0 V\n\0#V\0@\0bE\0X1b\0ܹsX4\Z\'E~͛EX5ͿbeYq\r7\0iZ/(爓;늘s_\r\0c.bEQL@i}1yվW\0@yrI3;Bec|Zzk<sbE\06mc˲|sW\"N3\"en<ԃw\0#&F9CFw͟?_=ES@\"Hј_>EL[++	\0 KrʟeyZLOɆ(o\Zco_p֭8J\n{b&\0@6ڎnZo8.恘Y1N<\',nHG,&+\n\0(%6fIFYV\0M#L+zG\'[\0PgF\'dq̺+b^ge\0ڤMxgD́P>)]bu\0Qw1_?f~O4\0@mʲ|I\'wG\Z?\\+\0Ԧ/\"L>,/WX\06\'|S\"JZ1s}ybt\0bƁojq\rLbu\0ڴZWF\\6p\'@:ce\0ڤb#JΎ-],sQk+\0(O(yWYǍR<~cFƁ\0\0鲓olݘj4\ZO:\0@m1Wl}ߝ·2\0@mxaD1ן[\06zGL(qx|y|}\0j	1On\0騲,a1qOʩFK\0&b&DsK<H|}\0\"H>EQ\\\Z2+\0ԦeYN8n&7\0jh4j\Zaegt\0ja?b>q&fi<r\0jjArnɯb~9{\0j3bn@Yx7V\0MA`Qo9%P\0\0 tdtD%V\0M$]{qrg|]I@++\0&b;(?/s12\0@\"2(i\0\"[NiGوiٴӬ\0jt/tO=zҽz\0Pt㘏rƟJw;2\0@mN9?+򴘞\rEQ\\/eu\0Zjqrmb&xO:\0@mxmDɿĬY~ox\0j1ʲ=V+\0&b\'8Y.折Y\06z(Q2s:oůOJקX\0.GE]̗crzGG,\r\0P,_sq\'E<\0\0F,lV\0\'V̜t_ooo?!ݯ\0\0q[blsC<.SX\06V&\rIz>NX\06؈cnK\\h4ʌ)_XPku\0򴈒we }ܸ(/7<ƍG-Vh\0Bwwe\'\'ذ1h4`u\n\0&mqseLi+|+#V\06EQ0䂘UO㭌Xڜza2)1k5VF\0hn	1On_4pDK><d0բExFƍ):-?,7?1qOʩF\Z\0R\nŋWնmLF~ꦛn}˄}QJGG>G4{bn\'\0#*B%`ӳr2{ T&P>EQ\\\Z2?\0+ԏ({\"Vv}\"87$T(ZggSxn^q`<J{{8q+]!jH\\G욈c>px~ײ\0ZvM]JDȌ}<2y\0Qƾj_0uIϥJȴʮq=\n\0Gl^Bep~bX9O4\0Gdac%&(F?VʲeHlbe\r\08\"ceyϴac%&(kUb^Z\0ĊX2V\0b%&(\n\0\Z+\\9lXZceC߭])x.&(\n\0\Z+iٵ{JzNL\0?VnVxާ+\0P[jXrŰ׬b+V\0`cejͪms?>lN\0X9GY\n\0\Z+s4eGYXQ\rb\0F5VX\0b\n\0\0bň\0+bO*\0bň\0+F\0X+\0 Vf?o3V\0+=7گ\0+bE\0X+\0 VĊX\0\"V\0@\0bG\n\0IĊ+\0 V\n\0#V\0@\0+F\0X1b\0ĊX\0b\n\0\0bň\0+F\0X+\0 VX\0\"V\0@\0? {X\'#֢EL[++pZ`.\\up$e˖qsD%Joo=1pDO{_N7#Tg޼yiV?X)T\0l6olZo\0@ʲ<7r+\0dj:be\0\0ruT\\\\K\0d,oEq\0\0B%\0\0NSA(\0d)bWb[+\0d)}|(s\01\\+\0d+W\0d\0@l\0d\0@l\0\0@l\0d\0@l\0d\0@l\0d\0@l\0d\0@l\0\0@l\0d\0@l\0d\0@l\0d\0@l\0d\0@l\0d\0@l\0\0@l\0d\0@l\0d\0@l\0d\0@l\0d\0@l\0\0@Fr)_XPku\0OHnp36Fu\0OHn/V\0Q1R[\0`Tb\0#X\0FHm@\0>\05[\0Y>\0;[\0yɭ\0FHn\00Fr}\0Q1R[\0z\0`T\0\0b\05\0f}\0 k\0rg}\0 o\0f}\0 k\0g}\0 k\0f}\0 kCo6h\0\0JqRj`jkk;\n\0u1=$N۬\0Pg|m?ReyU\0jh4Iץ\'X&X%\0V]]].X\\\\\0da`5{ʃ.\0j^+ˬ\n\0tDe V\"\0@vʲlPccVqz(.IQW>m\0Q~BFp8>fG.׸\0\0#n`ke(tŪ\0#\"m6pd.vbŊj͚5C=T%۷o;9sW0}\n\0e`3FWWW}W-[TfͪL[E1]k	Cuعsg5gΜ]Gfb\\\0yD\Z#:u`y(<\0p@ר<K.FC%]2K/\0\0\ZώGTFSwrw\0ا(~1\Z<3M6UgyЋn?\0\06|G{1x\0ك><.첡Y\0tcŇH;w\0``(OeqP\0\0.c	I\0W<	^[=]Y\0\0z0S@{{ws;\0#0x:Mxg\0bnb\0o8\0+Y\0\0+rg%C\\\0v)rb;N:uhL\0\0ttt<w轁6mT*yg\0Gne̙c+3f\Z+xG\0=4iҤ1s__߮#:zw\0M[[\n\rìY,V.¡70w\0اGWґ*szgG˼\0\"fÇ?j˖-*K,OY\0`\Zq\rb黶PrQ-\0p芢x}HהlذaDOqDIXy\0ࠕeWҤ i;G.`\n\0వ1иH;҆oi=:#T\0G,˗+ﯾoV/Z\'(Lggԏi~D\\QÙ\'\0bB\r \']ri1Y>.i5eY+\"lnJ\0\0\0\0\0\0\0\0\0\0\0\0\0\0\0\0\0\'o6\0\0\0\0IENDB`',1),('75002',1,'D:\\Develop\\Projects\\SSHProjectTemplate\\target\\zjcscut\\WEB-INF\\classes\\leave.bpmn','75001','<?xml version=\"1.0\" encoding=\"UTF-8\"?>\r\n<definitions xmlns=\"http://www.omg.org/spec/BPMN/20100524/MODEL\" xmlns:xsi=\"http://www.w3.org/2001/XMLSchema-instance\" xmlns:xsd=\"http://www.w3.org/2001/XMLSchema\" xmlns:activiti=\"http://activiti.org/bpmn\" xmlns:bpmndi=\"http://www.omg.org/spec/BPMN/20100524/DI\" xmlns:omgdc=\"http://www.omg.org/spec/DD/20100524/DC\" xmlns:omgdi=\"http://www.omg.org/spec/DD/20100524/DI\" typeLanguage=\"http://www.w3.org/2001/XMLSchema\" expressionLanguage=\"http://www.w3.org/1999/XPath\" targetNamespace=\"http://www.activiti.org/test\">\r\n  <process id=\"LeaveFlow\" name=\"请假流程\" isExecutable=\"true\">\r\n    <startEvent id=\"startevent1\" name=\"Start\"></startEvent>\r\n    <endEvent id=\"endevent1\" name=\"End\"></endEvent>\r\n    <userTask id=\"usertask2\" name=\"部门经理审批\" activiti:assignee=\"经理\"></userTask>\r\n    <userTask id=\"usertask4\" name=\"员工请假申请\" activiti:assignee=\"员工\"></userTask>\r\n    <sequenceFlow id=\"flow1\" sourceRef=\"startevent1\" targetRef=\"usertask4\"></sequenceFlow>\r\n    <sequenceFlow id=\"flow2\" name=\"提交申请\" sourceRef=\"usertask4\" targetRef=\"usertask2\"></sequenceFlow>\r\n    <userTask id=\"usertask5\" name=\"老板审批\" activiti:assignee=\"老板\"></userTask>\r\n    <sequenceFlow id=\"flow4\" name=\"经理审批\" sourceRef=\"usertask2\" targetRef=\"usertask5\"></sequenceFlow>\r\n    <sequenceFlow id=\"flow5\" name=\"老板审批\" sourceRef=\"usertask5\" targetRef=\"endevent1\"></sequenceFlow>\r\n  </process>\r\n  <bpmndi:BPMNDiagram id=\"BPMNDiagram_LeaveFlow\">\r\n    <bpmndi:BPMNPlane bpmnElement=\"LeaveFlow\" id=\"BPMNPlane_LeaveFlow\">\r\n      <bpmndi:BPMNShape bpmnElement=\"startevent1\" id=\"BPMNShape_startevent1\">\r\n        <omgdc:Bounds height=\"35.0\" width=\"35.0\" x=\"245.0\" y=\"100.0\"></omgdc:Bounds>\r\n      </bpmndi:BPMNShape>\r\n      <bpmndi:BPMNShape bpmnElement=\"endevent1\" id=\"BPMNShape_endevent1\">\r\n        <omgdc:Bounds height=\"35.0\" width=\"35.0\" x=\"212.0\" y=\"580.0\"></omgdc:Bounds>\r\n      </bpmndi:BPMNShape>\r\n      <bpmndi:BPMNShape bpmnElement=\"usertask2\" id=\"BPMNShape_usertask2\">\r\n        <omgdc:Bounds height=\"55.0\" width=\"105.0\" x=\"440.0\" y=\"330.0\"></omgdc:Bounds>\r\n      </bpmndi:BPMNShape>\r\n      <bpmndi:BPMNShape bpmnElement=\"usertask4\" id=\"BPMNShape_usertask4\">\r\n        <omgdc:Bounds height=\"55.0\" width=\"105.0\" x=\"175.0\" y=\"251.0\"></omgdc:Bounds>\r\n      </bpmndi:BPMNShape>\r\n      <bpmndi:BPMNShape bpmnElement=\"usertask5\" id=\"BPMNShape_usertask5\">\r\n        <omgdc:Bounds height=\"55.0\" width=\"105.0\" x=\"141.0\" y=\"438.0\"></omgdc:Bounds>\r\n      </bpmndi:BPMNShape>\r\n      <bpmndi:BPMNEdge bpmnElement=\"flow1\" id=\"BPMNEdge_flow1\">\r\n        <omgdi:waypoint x=\"262.0\" y=\"135.0\"></omgdi:waypoint>\r\n        <omgdi:waypoint x=\"227.0\" y=\"251.0\"></omgdi:waypoint>\r\n      </bpmndi:BPMNEdge>\r\n      <bpmndi:BPMNEdge bpmnElement=\"flow2\" id=\"BPMNEdge_flow2\">\r\n        <omgdi:waypoint x=\"227.0\" y=\"306.0\"></omgdi:waypoint>\r\n        <omgdi:waypoint x=\"492.0\" y=\"330.0\"></omgdi:waypoint>\r\n        <bpmndi:BPMNLabel>\r\n          <omgdc:Bounds height=\"14.0\" width=\"100.0\" x=\"289.0\" y=\"304.0\"></omgdc:Bounds>\r\n        </bpmndi:BPMNLabel>\r\n      </bpmndi:BPMNEdge>\r\n      <bpmndi:BPMNEdge bpmnElement=\"flow4\" id=\"BPMNEdge_flow4\">\r\n        <omgdi:waypoint x=\"492.0\" y=\"385.0\"></omgdi:waypoint>\r\n        <omgdi:waypoint x=\"193.0\" y=\"438.0\"></omgdi:waypoint>\r\n        <bpmndi:BPMNLabel>\r\n          <omgdc:Bounds height=\"14.0\" width=\"100.0\" x=\"373.0\" y=\"429.0\"></omgdc:Bounds>\r\n        </bpmndi:BPMNLabel>\r\n      </bpmndi:BPMNEdge>\r\n      <bpmndi:BPMNEdge bpmnElement=\"flow5\" id=\"BPMNEdge_flow5\">\r\n        <omgdi:waypoint x=\"193.0\" y=\"493.0\"></omgdi:waypoint>\r\n        <omgdi:waypoint x=\"229.0\" y=\"580.0\"></omgdi:waypoint>\r\n        <bpmndi:BPMNLabel>\r\n          <omgdc:Bounds height=\"14.0\" width=\"100.0\" x=\"232.0\" y=\"540.0\"></omgdc:Bounds>\r\n        </bpmndi:BPMNLabel>\r\n      </bpmndi:BPMNEdge>\r\n    </bpmndi:BPMNPlane>\r\n  </bpmndi:BPMNDiagram>\r\n</definitions>',0),('75003',1,'D:\\Develop\\Projects\\SSHProjectTemplate\\target\\zjcscut\\WEB-INF\\classes\\leave.LeaveFlow.png','75001','PNG\r\n\Z\n\0\0\0\rIHDR\0\0+\0\0q\0\0\0\0\0\"iIDATx]uqQ|3gYUcYꪫ3匭:Vn{nQh1F(H]fdDE4FSl4VDD@M`H$/<ΣϿS!v*_9\0\0\0\0\0\0\0\0\0\0\0\0\0\0\0\0\0\0\0\0\0\0\0\0\0\0\0\0\0\0\0\0\0\0\0\0\0\0\0\0\0\0\0\0\0\0\0\0\0\0\0\0\0\0\0\0\0\0\0\0\0\0\0\0\0\0\0\0\0\0\0\0\0\0\0\0\0\0\0\0\0\0\0\0\0\0\0\0\0\0\0\0\0\0\0\0\0\0\0\0\0\0\0\0\0\0\0\0\0\0\0\0\0\0\0\0\0\0\0\0\0\0\0\0\0\0\0\0\0\0\0\0\0\0\0\0\0\0\0\0\0\0\0\0\0\0\0\0\0\0\0\0\0\0\0\0\0\0\0\0\0\0\0\0\0\0\0\0\0\0\0\0\0\0\0\0\0\0\0\0\0\0\0\0\0\0\0\0\0\0\0\0\0\0\0\0\0\0\0\0\0\0\0\0\0\0\0\0\0\0\0\0\0\0\0?AӦM{UW]uE]?IwttTfstww>/_;Z5\0`M>\\p/&Nǈj֬YխZW;wmذ۫sV]vY?eu3mmmG[I\0`DM2s=38_9۷o,YRwy4i3<\n\0?_W-[Tֲe˪gu֬Fq\09};oj$mڴꪫwuur\0+T&Ope\\wuO8,/\0AK~AF9\0t1mF[n7Z|R\08s9t1X?x_Q\0>*#C׷jgYz\'\0}J͜9˧?+x\'\0-N]Xߵ+\0^f̘qIBn}{\0tSٳg+_~\0\'mҥ4#\0n&M},6;k׮XY\0vQܹAJ\0v!b\0؋#+\0@rfef\0\'>WX˧{G\0ݤ}V̙>++\0\0ꪫ.>}z2y+m\0`7SN=NCXI$\0>7.-VʟEqw\0اs9G?pa޲eˎVN\0\0Ú4iŋy\\tE6+\0~uww3<sƍ,T~*7F\0\0p@guw.cq:ےN`v駟~^}4CgWW}eYN\0!8s̙3Pj\0%}2gĉ}_W֎5*ԏ#*\0DX }J{h?>.u\n\00Ѳ/;\\{;^uUєf9ç~\0Q\"#bcZ_3Ioo/{Ɇ\r֥\'{-δ6|\0L#B.p__wT&\'馄\0\"BocY	\0 XP̕V\05Vi%\0\\cVb+\0d,J\0\0YP9%V\05V=W\0kEq\0\03mڴF<h4e5\0D4b+\0d)B]1_\0@tf+\0\Z+DJ\0\0|jF\0d#V~b%\0,e(>o%\0,5F4\0kh<J\0\0ىHo+V\0RQXm%\0\\c҈\0,ojoo?J\0\0i4\ZX_n5\0Ef++\0d)B;\Z+\0\Z+s\0\0rVV\0NGG\"Vlkk;j\0\0ىPEV\05V>Y+\0\Z+ߏ`%\0\\cem_Z	\0 ;Vy*}V\0RJ3J\0\0bζ\0@$J\0\0~|Fq\0\0j^]ŭV\0RY\0@\"Ty\0\0r_E2+\0dj=3bӦM{\0\0reJ\0\0Y*+X	\0 KfsNۭ\0kh4\0@v\"R^r\0\0TEGYa%\0\\c+\0@O#V`%\0xO\0(^r\0\0rF|J\0\0YP,Ӭ\0k+\0dh<((\0d\'Bf9J\0\0YP(B+\0\Z+?V\0Qz,\0@v\'\'\0k\r+\0d)BeF\0k<uV\0Nrr\0\0S\"V~j%\0\\c#EQ|J\0\04͖\0\0roQ/\0@v&N_#V[	\0 KeY(\0k\\I+\0\Z+Z[\0iӦ=l>bV\0NGG˲J\0\0YP9#V\0RQWGL\0@rkz\0\0h4IwZ~\0\0g%\0,EqNYJ\0\0\"Vڭ\0fy_z\0\0rYk%\0\\ceB,+\0d(ʲ<J\0\0Yj6#Vl%\0촵)gV\0Nʫb[	\0 X9+߬\0k\\s\0\0reYw+\0dh<=BeS|}\0\0fJ\0\0YP9(K\0k̎Xy\0\0rX	\0 ;V*\02E+\0\Z+GL\0@OJ\0\0i4\ZOX|\'?j\0\0iZ(_X	\0 KeY?bKV\0]ټ(k(S\"P^xx|\0rj<WXBD?k\0:c{nM+\0,(66\ZY%\0Xf?r\0jUÜbu\0ڥ<nkmmmG[\0 \'w9c\n\0S\\1+]P\0+]eY>cZ\0 ?F+c5\0`K><d0բE#Z\nŋWնmLF~ꦛn}?\0ulY\'#V:#\n򞈕~R8b#ARI@`6?k5ՊwMzb\0j7U_򆩻Mz.&(\n\0\Z+W`P߭-(\n\0++otXI	\n\0iJzMP\0+b\0p>3\\XZceՒ++\0Pkl軵Z>ϥXZc%?vXIω	\0֭ժP<^b\0jCK]l\n\0}lZYmǇ\rIߓQ\0c+:(XZc`(+\00r28C\0Ɗ+\0 VX\0\"V\0@\0bEI@\0bň\0+b\0LX# V\\\0+bE\0 VĊX\0\"V\n\0\0bE\08b1>,V\0 X1b\0ĊX\0b\n\0\0bň\0+gܹb\0b͛7W]]]UٜWV<?\0̙3Pyg51uzY3mڴ)@lYIq+Ѳ.ELFqh\0ĊtZ(b}+s˲t\0bditd\"\0Ċ]v\0b>+N V̸\"\0Ċ7;:]@ϟ/\"VvσE\0dgѢEkEAul8]@,X>nݺ?P\'fB?\'NPetC>d1Xy(2}ht\0pбFu\0ce话.\0=t\0ut\0ce(\0:>\r4N\0E\0t\008]\0N\0E\0t\00n8]\0N\0E\0t\00n8]\0+N\0E\0t\008]\0N\0E\02NUUu]wuҥK?~c2jѢEL\'\nQ*/m۶fM7	$0&r<]e[OOJz\0EҩQDڍ颎ƿEt} >V*B\0H.ЙVG+XSݵjE&=Nω	\0}(Ƙ*wc|}ʃί~y&=^b\0q;RK:Zs8z\n݊قB\0tQ2d\'jac%&(\n\0=NmG2+{\r+5A!V\0tuu=)be`+b\0j~Bep=gΜe>3\\XCR&bە1חeyY|ڲe~\\ac%&(\n\0h?O\r;_n肽Os5A!V\0`pwڽb%=\'&\n\0+[V~<cS@\\zMP\0-Vw,bkVkv+\00ukfՂ궹6T\'}O^GY\n\0Ih,b\0j9,C\0\0\Z+F\0X1b\0ĊX\0b\n\0\'\0b\n\0#V\0@\0+#3sb\0Xs.V\0@X+b\0ĊX+\0 V\n\0\"V\0ȊX\\cň\0+b\0Ċ+\0 V\n\0#V\0@\0bE\0X1b\0ܹsX4\Z\'E~͛EX5ͿbeYq\r7\0iZ/(爓;늘s_\r\0c.bEQL@i}1yվW\0@yrI3;Bec|Zzk<sbE\06mc˲|sW\"N3\"en<ԃw\0#&F9CFw͟?_=ES@\"Hј_>EL[++	\0 KrʟeyZLOɆ(o\Zco_p֭8J\n{b&\0@6ڎnZo8.恘Y1N<\',nHG,&+\n\0(%6fIFYV\0M#L+zG\'[\0PgF\'dq̺+b^ge\0ڤMxgD́P>)]bu\0Qw1_?f~O4\0@mʲ|I\'wG\Z?\\+\0Ԧ/\"L>,/WX\06\'|S\"JZ1s}ybt\0bƁojq\rLbu\0ڴZWF\\6p\'@:ce\0ڤb#JΎ-],sQk+\0(O(yWYǍR<~cFƁ\0\0鲓olݘj4\ZO:\0@m1Wl}ߝ·2\0@mxaD1ן[\06zGL(qx|y|}\0j	1On\0騲,a1qOʩFK\0&b&DsK<H|}\0\"H>EQ\\\Z2+\0ԦeYN8n&7\0jh4j\Zaegt\0ja?b>q&fi<r\0jjArnɯb~9{\0j3bn@Yx7V\0MA`Qo9%P\0\0 tdtD%V\0M$]{qrg|]I@++\0&b;(?/s12\0@\"2(i\0\"[NiGوiٴӬ\0jt/tO=zҽz\0Pt㘏rƟJw;2\0@mN9?+򴘞\rEQ\\/eu\0Zjqrmb&xO:\0@mxmDɿĬY~ox\0j1ʲ=V+\0&b\'8Y.折Y\06z(Q2s:oůOJקX\0.GE]̗crzGG,\r\0P,_sq\'E<\0\0F,lV\0\'V̜t_ooo?!ݯ\0\0q[blsC<.SX\06V&\rIz>NX\06؈cnK\\h4ʌ)_XPku\0򴈒we }ܸ(/7<ƍG-Vh\0Bwwe\'\'ذ1h4`u\n\0&mqseLi+|+#V\06EQ0䂘UO㭌Xڜza2)1k5VF\0hn	1On_4pDK><d0բExFƍ):-?,7?1qOʩF\Z\0R\nŋWնmLF~ꦛn}˄}QJGG>G4{bn\'\0#*B%`ӳr2{ T&P>EQ\\\Z2?\0+ԏ({\"Vv}\"87$T(ZggSxn^q`<J{{8q+]!jH\\G욈c>px~ײ\0ZvM]JDȌ}<2y\0Qƾj_0uIϥJȴʮq=\n\0Gl^Bep~bX9O4\0Gdac%&(F?VʲeHlbe\r\08\"ceyϴac%&(kUb^Z\0ĊX2V\0b%&(\n\0\Z+\\9lXZceC߭])x.&(\n\0\Z+iٵ{JzNL\0?VnVxާ+\0P[jXrŰ׬b+V\0`cejͪms?>lN\0X9GY\n\0\Z+s4eGYXQ\rb\0F5VX\0b\n\0\0bň\0+bO*\0bň\0+F\0X+\0 Vf?o3V\0+=7گ\0+bE\0X+\0 VĊX\0\"V\0@\0bG\n\0IĊ+\0 V\n\0#V\0@\0+F\0X1b\0ĊX\0b\n\0\0bň\0+F\0X+\0 VX\0\"V\0@\0? {X\'#֢EL[++pZ`.\\up$e˖qsD%Joo=1pDO{_N7#Tg޼yiV?X)T\0l6olZo\0@ʲ<7r+\0dj:be\0\0ruT\\\\K\0d,oEq\0\0B%\0\0NSA(\0d)bWb[+\0d)}|(s\01\\+\0d+W\0d\0@l\0d\0@l\0\0@l\0d\0@l\0d\0@l\0d\0@l\0d\0@l\0\0@l\0d\0@l\0d\0@l\0d\0@l\0d\0@l\0d\0@l\0\0@l\0d\0@l\0d\0@l\0d\0@l\0d\0@l\0\0@Fr)_XPku\0OHnp36Fu\0OHn/V\0Q1R[\0`Tb\0#X\0FHm@\0>\05[\0Y>\0;[\0yɭ\0FHn\00Fr}\0Q1R[\0z\0`T\0\0b\05\0f}\0 k\0rg}\0 o\0f}\0 k\0g}\0 k\0f}\0 kCo6h\0\0JqRj`jkk;\n\0u1=$N۬\0Pg|m?ReyU\0jh4Iץ\'X&X%\0V]]].X\\\\\0da`5{ʃ.\0j^+ˬ\n\0tDe V\"\0@vʲlPccVqz(.IQW>m\0Q~BFp8>fG.׸\0\0#n`ke(tŪ\0#\"m6pd.vbŊj͚5C=T%۷o;9sW0}\n\0e`3FWWW}W-[TfͪL[E1]k	Cuعsg5gΜ]Gfb\\\0yD\Z#:u`y(<\0p@ר<K.FC%]2K/\0\0\ZώGTFSwrw\0ا(~1\Z<3M6UgyЋn?\0\06|G{1x\0ك><.첡Y\0tcŇH;w\0``(OeqP\0\0.c	I\0W<	^[=]Y\0\0z0S@{{ws;\0#0x:Mxg\0bnb\0o8\0+Y\0\0+rg%C\\\0v)rb;N:uhL\0\0ttt<w轁6mT*yg\0Gne̙c+3f\Z+xG\0=4iҤ1s__߮#:zw\0M[[\n\rìY,V.¡70w\0اGWґ*szgG˼\0\"fÇ?j˖-*K,OY\0`\Zq\rb黶PrQ-\0p芢x}HהlذaDOqDIXy\0ࠕeWҤ i;G.`\n\0వ1иH;҆oi=:#T\0G,˗+ﯾoV/Z\'(Lggԏi~D\\QÙ\'\0bB\r \']ri1Y>.i5eY+\"lnJ\0\0\0\0\0\0\0\0\0\0\0\0\0\0\0\0\0\'o6\0\0\0\0IENDB`',1),('7502',1,'Interview.bpmn.xml','7501','<?xml version=\"1.0\" encoding=\"UTF-8\"?>\r\n<definitions xmlns=\"http://www.omg.org/spec/BPMN/20100524/MODEL\"\r\n             xmlns:activiti=\"http://activiti.org/bpmn\"\r\n             xmlns:xsi=\"http://www.w3.org/2001/XMLSchema-instance\"\r\n             targetNamespace=\"Examples\"\r\n             xsi:schemaLocation=\"http://www.omg.org/spec/BPMN/20100524/MODEL\r\n             http://www.omg.org/spec/BPMN/2.0/20100501/BPMN20.xsd\">\r\n  <process id=\"Interview\" name=\"某公司2012年实习生招聘流程\">\r\n    <documentation>招聘工作流程</documentation>\r\n    <startEvent id=\"start\" name=\"实习生招聘启动\"/>\r\n    <userTask id=\"bishi\" name=\"笔试\" activiti:candidateGroups=\"人力资源部\"/>\r\n    <sequenceFlow id=\"flow1\" name=\"\" sourceRef=\"start\" targetRef=\"bishi\"/>\r\n    <userTask id=\"yimian\" name=\"技术一面\" activiti:candidateGroups=\"技术部\"/>\r\n    <sequenceFlow id=\"flow2\" name=\"\" sourceRef=\"bishi\" targetRef=\"yimian\"/>\r\n    <userTask id=\"ermian\" name=\"技术二面\" activiti:candidateGroups=\"技术部\"/>\r\n    <sequenceFlow id=\"flow3\" name=\"\" sourceRef=\"yimian\" targetRef=\"ermian\"/>\r\n    <userTask id=\"hrmian\" name=\"HR面\" activiti:candidateGroups=\"人力资源部\"/>\r\n    <sequenceFlow id=\"flow4\" name=\"\" sourceRef=\"ermian\" targetRef=\"hrmian\"/>\r\n    <userTask id=\"luyong\" name=\"录用，发放Offer\" activiti:candidateGroups=\"人力资源部\"/>\r\n    <sequenceFlow id=\"flow5\" name=\"\" sourceRef=\"hrmian\" targetRef=\"luyong\"/>\r\n    <endEvent id=\"end\" name=\"实习生招聘结束\"/>\r\n    <sequenceFlow id=\"flow6\" name=\"\" sourceRef=\"luyong\" targetRef=\"end\"/>\r\n  </process>\r\n\r\n</definitions>',0);

/*Table structure for table `act_ge_property` */

DROP TABLE IF EXISTS `act_ge_property`;

CREATE TABLE `act_ge_property` (
  `NAME_` varchar(64) COLLATE utf8_bin NOT NULL,
  `VALUE_` varchar(300) COLLATE utf8_bin DEFAULT NULL,
  `REV_` int(11) DEFAULT NULL,
  PRIMARY KEY (`NAME_`)
) ENGINE=InnoDB DEFAULT CHARSET=utf8 COLLATE=utf8_bin;

/*Data for the table `act_ge_property` */

insert  into `act_ge_property`(`NAME_`,`VALUE_`,`REV_`) values ('next.dbid','77501',32),('schema.history','create(5.21.0.0)',1),('schema.version','5.21.0.0',1);

/*Table structure for table `act_hi_actinst` */

DROP TABLE IF EXISTS `act_hi_actinst`;

CREATE TABLE `act_hi_actinst` (
  `ID_` varchar(64) COLLATE utf8_bin NOT NULL,
  `PROC_DEF_ID_` varchar(64) COLLATE utf8_bin NOT NULL,
  `PROC_INST_ID_` varchar(64) COLLATE utf8_bin NOT NULL,
  `EXECUTION_ID_` varchar(64) COLLATE utf8_bin NOT NULL,
  `ACT_ID_` varchar(255) COLLATE utf8_bin NOT NULL,
  `TASK_ID_` varchar(64) COLLATE utf8_bin DEFAULT NULL,
  `CALL_PROC_INST_ID_` varchar(64) COLLATE utf8_bin DEFAULT NULL,
  `ACT_NAME_` varchar(255) COLLATE utf8_bin DEFAULT NULL,
  `ACT_TYPE_` varchar(255) COLLATE utf8_bin NOT NULL,
  `ASSIGNEE_` varchar(255) COLLATE utf8_bin DEFAULT NULL,
  `START_TIME_` datetime(3) NOT NULL,
  `END_TIME_` datetime(3) DEFAULT NULL,
  `DURATION_` bigint(20) DEFAULT NULL,
  `TENANT_ID_` varchar(255) COLLATE utf8_bin DEFAULT '',
  PRIMARY KEY (`ID_`),
  KEY `ACT_IDX_HI_ACT_INST_START` (`START_TIME_`),
  KEY `ACT_IDX_HI_ACT_INST_END` (`END_TIME_`),
  KEY `ACT_IDX_HI_ACT_INST_PROCINST` (`PROC_INST_ID_`,`ACT_ID_`),
  KEY `ACT_IDX_HI_ACT_INST_EXEC` (`EXECUTION_ID_`,`ACT_ID_`)
) ENGINE=InnoDB DEFAULT CHARSET=utf8 COLLATE=utf8_bin;

/*Data for the table `act_hi_actinst` */

insert  into `act_hi_actinst`(`ID_`,`PROC_DEF_ID_`,`PROC_INST_ID_`,`EXECUTION_ID_`,`ACT_ID_`,`TASK_ID_`,`CALL_PROC_INST_ID_`,`ACT_NAME_`,`ACT_TYPE_`,`ASSIGNEE_`,`START_TIME_`,`END_TIME_`,`DURATION_`,`TENANT_ID_`) values ('40002','LeaveFlow:1:37504','40001','40001','startevent1',NULL,NULL,'Start','startEvent',NULL,'2016-07-04 18:39:42.093','2016-07-04 18:39:42.100',7,''),('40003','LeaveFlow:1:37504','40001','40001','usertask4','40004',NULL,'员工请假申请','userTask','员工','2016-07-04 18:39:42.100','2016-07-04 18:52:04.834',742734,''),('42502','LeaveFlow:1:37504','42501','42501','startevent1',NULL,NULL,'Start','startEvent',NULL,'2016-07-04 18:40:08.989','2016-07-04 18:40:08.996',7,''),('42503','LeaveFlow:1:37504','42501','42501','usertask4','42504',NULL,'员工请假申请','userTask','员工','2016-07-04 18:40:08.996','2016-07-04 18:52:04.860',715864,''),('45002','LeaveFlow:1:37504','45001','45001','startevent1',NULL,NULL,'Start','startEvent',NULL,'2016-07-04 18:44:32.962','2016-07-04 18:44:32.968',6,''),('45003','LeaveFlow:1:37504','45001','45001','usertask4','45004',NULL,'员工请假申请','userTask','员工','2016-07-04 18:44:32.969','2016-07-04 18:52:04.882',451913,''),('47502','LeaveFlow:1:37504','47501','47501','startevent1',NULL,NULL,'Start','startEvent',NULL,'2016-07-04 18:52:04.703','2016-07-04 18:52:04.711',8,''),('47503','LeaveFlow:1:37504','47501','47501','usertask4','47504',NULL,'员工请假申请','userTask','员工','2016-07-04 18:52:04.711','2016-07-04 18:52:04.903',192,''),('47506','LeaveFlow:1:37504','40001','40001','usertask2','47507',NULL,'部门经理审批','userTask','经理','2016-07-04 18:52:04.834','2016-07-04 18:56:07.866',243032,''),('47509','LeaveFlow:1:37504','42501','42501','usertask2','47510',NULL,'部门经理审批','userTask','经理','2016-07-04 18:52:04.860','2016-07-04 18:56:07.879',243019,''),('47512','LeaveFlow:1:37504','45001','45001','usertask2','47513',NULL,'部门经理审批','userTask','经理','2016-07-04 18:52:04.882','2016-07-04 18:56:07.893',243011,''),('47515','LeaveFlow:1:37504','47501','47501','usertask2','47516',NULL,'部门经理审批','userTask','经理','2016-07-04 18:52:04.903','2016-07-04 18:56:07.921',243018,''),('50002','LeaveFlow:1:37504','50001','50001','startevent1',NULL,NULL,'Start','startEvent',NULL,'2016-07-04 18:53:50.681','2016-07-04 18:53:50.688',7,''),('50003','LeaveFlow:1:37504','50001','50001','usertask4','50004',NULL,'员工请假申请','userTask','员工','2016-07-04 18:53:50.688','2016-07-04 18:53:50.773',85,''),('50006','LeaveFlow:1:37504','50001','50001','usertask2','50007',NULL,'部门经理审批','userTask','经理','2016-07-04 18:53:50.773','2016-07-04 18:56:07.934',137161,''),('52502','LeaveFlow:1:37504','52501','52501','startevent1',NULL,NULL,'Start','startEvent',NULL,'2016-07-04 18:56:07.757','2016-07-04 18:56:07.763',6,''),('52503','LeaveFlow:1:37504','52501','52501','usertask4','52504',NULL,'员工请假申请','userTask','员工','2016-07-04 18:56:07.764',NULL,NULL,''),('52506','LeaveFlow:1:37504','40001','40001','usertask5','52507',NULL,'老板审批','userTask','老板','2016-07-04 18:56:07.866','2016-07-04 18:57:01.224',53358,''),('52509','LeaveFlow:1:37504','42501','42501','usertask5','52510',NULL,'老板审批','userTask','老板','2016-07-04 18:56:07.879','2016-07-04 18:57:01.252',53373,''),('52512','LeaveFlow:1:37504','45001','45001','usertask5','52513',NULL,'老板审批','userTask','老板','2016-07-04 18:56:07.893','2016-07-04 18:57:01.272',53379,''),('52515','LeaveFlow:1:37504','47501','47501','usertask5','52516',NULL,'老板审批','userTask','老板','2016-07-04 18:56:07.921','2016-07-04 18:57:01.296',53375,''),('52518','LeaveFlow:1:37504','50001','50001','usertask5','52519',NULL,'老板审批','userTask','老板','2016-07-04 18:56:07.934','2016-07-04 18:57:01.315',53381,''),('55002','LeaveFlow:1:37504','55001','55001','startevent1',NULL,NULL,'Start','startEvent',NULL,'2016-07-04 18:57:01.104','2016-07-04 18:57:01.112',8,''),('55003','LeaveFlow:1:37504','55001','55001','usertask4','55004',NULL,'员工请假申请','userTask','员工','2016-07-04 18:57:01.112',NULL,NULL,''),('55006','LeaveFlow:1:37504','40001','40001','endevent1',NULL,NULL,'End','endEvent',NULL,'2016-07-04 18:57:01.224','2016-07-04 18:57:01.224',0,''),('55007','LeaveFlow:1:37504','42501','42501','endevent1',NULL,NULL,'End','endEvent',NULL,'2016-07-04 18:57:01.252','2016-07-04 18:57:01.252',0,''),('55008','LeaveFlow:1:37504','45001','45001','endevent1',NULL,NULL,'End','endEvent',NULL,'2016-07-04 18:57:01.272','2016-07-04 18:57:01.272',0,''),('55009','LeaveFlow:1:37504','47501','47501','endevent1',NULL,NULL,'End','endEvent',NULL,'2016-07-04 18:57:01.296','2016-07-04 18:57:01.296',0,''),('55010','LeaveFlow:1:37504','50001','50001','endevent1',NULL,NULL,'End','endEvent',NULL,'2016-07-04 18:57:01.315','2016-07-04 18:57:01.315',0,''),('57502','LeaveFlow:1:37504','57501','57501','startevent1',NULL,NULL,'Start','startEvent',NULL,'2016-07-04 18:58:09.745','2016-07-04 18:58:09.753',8,''),('57503','LeaveFlow:1:37504','57501','57501','usertask4','57504',NULL,'员工请假申请','userTask','员工','2016-07-04 18:58:09.753',NULL,NULL,'');

/*Table structure for table `act_hi_attachment` */

DROP TABLE IF EXISTS `act_hi_attachment`;

CREATE TABLE `act_hi_attachment` (
  `ID_` varchar(64) COLLATE utf8_bin NOT NULL,
  `REV_` int(11) DEFAULT NULL,
  `USER_ID_` varchar(255) COLLATE utf8_bin DEFAULT NULL,
  `NAME_` varchar(255) COLLATE utf8_bin DEFAULT NULL,
  `DESCRIPTION_` varchar(4000) COLLATE utf8_bin DEFAULT NULL,
  `TYPE_` varchar(255) COLLATE utf8_bin DEFAULT NULL,
  `TASK_ID_` varchar(64) COLLATE utf8_bin DEFAULT NULL,
  `PROC_INST_ID_` varchar(64) COLLATE utf8_bin DEFAULT NULL,
  `URL_` varchar(4000) COLLATE utf8_bin DEFAULT NULL,
  `CONTENT_ID_` varchar(64) COLLATE utf8_bin DEFAULT NULL,
  `TIME_` datetime(3) DEFAULT NULL,
  PRIMARY KEY (`ID_`)
) ENGINE=InnoDB DEFAULT CHARSET=utf8 COLLATE=utf8_bin;

/*Data for the table `act_hi_attachment` */

/*Table structure for table `act_hi_comment` */

DROP TABLE IF EXISTS `act_hi_comment`;

CREATE TABLE `act_hi_comment` (
  `ID_` varchar(64) COLLATE utf8_bin NOT NULL,
  `TYPE_` varchar(255) COLLATE utf8_bin DEFAULT NULL,
  `TIME_` datetime(3) NOT NULL,
  `USER_ID_` varchar(255) COLLATE utf8_bin DEFAULT NULL,
  `TASK_ID_` varchar(64) COLLATE utf8_bin DEFAULT NULL,
  `PROC_INST_ID_` varchar(64) COLLATE utf8_bin DEFAULT NULL,
  `ACTION_` varchar(255) COLLATE utf8_bin DEFAULT NULL,
  `MESSAGE_` varchar(4000) COLLATE utf8_bin DEFAULT NULL,
  `FULL_MSG_` longblob,
  PRIMARY KEY (`ID_`)
) ENGINE=InnoDB DEFAULT CHARSET=utf8 COLLATE=utf8_bin;

/*Data for the table `act_hi_comment` */

/*Table structure for table `act_hi_detail` */

DROP TABLE IF EXISTS `act_hi_detail`;

CREATE TABLE `act_hi_detail` (
  `ID_` varchar(64) COLLATE utf8_bin NOT NULL,
  `TYPE_` varchar(255) COLLATE utf8_bin NOT NULL,
  `PROC_INST_ID_` varchar(64) COLLATE utf8_bin DEFAULT NULL,
  `EXECUTION_ID_` varchar(64) COLLATE utf8_bin DEFAULT NULL,
  `TASK_ID_` varchar(64) COLLATE utf8_bin DEFAULT NULL,
  `ACT_INST_ID_` varchar(64) COLLATE utf8_bin DEFAULT NULL,
  `NAME_` varchar(255) COLLATE utf8_bin NOT NULL,
  `VAR_TYPE_` varchar(255) COLLATE utf8_bin DEFAULT NULL,
  `REV_` int(11) DEFAULT NULL,
  `TIME_` datetime(3) NOT NULL,
  `BYTEARRAY_ID_` varchar(64) COLLATE utf8_bin DEFAULT NULL,
  `DOUBLE_` double DEFAULT NULL,
  `LONG_` bigint(20) DEFAULT NULL,
  `TEXT_` varchar(4000) COLLATE utf8_bin DEFAULT NULL,
  `TEXT2_` varchar(4000) COLLATE utf8_bin DEFAULT NULL,
  PRIMARY KEY (`ID_`),
  KEY `ACT_IDX_HI_DETAIL_PROC_INST` (`PROC_INST_ID_`),
  KEY `ACT_IDX_HI_DETAIL_ACT_INST` (`ACT_INST_ID_`),
  KEY `ACT_IDX_HI_DETAIL_TIME` (`TIME_`),
  KEY `ACT_IDX_HI_DETAIL_NAME` (`NAME_`),
  KEY `ACT_IDX_HI_DETAIL_TASK_ID` (`TASK_ID_`)
) ENGINE=InnoDB DEFAULT CHARSET=utf8 COLLATE=utf8_bin;

/*Data for the table `act_hi_detail` */

/*Table structure for table `act_hi_identitylink` */

DROP TABLE IF EXISTS `act_hi_identitylink`;

CREATE TABLE `act_hi_identitylink` (
  `ID_` varchar(64) COLLATE utf8_bin NOT NULL,
  `GROUP_ID_` varchar(255) COLLATE utf8_bin DEFAULT NULL,
  `TYPE_` varchar(255) COLLATE utf8_bin DEFAULT NULL,
  `USER_ID_` varchar(255) COLLATE utf8_bin DEFAULT NULL,
  `TASK_ID_` varchar(64) COLLATE utf8_bin DEFAULT NULL,
  `PROC_INST_ID_` varchar(64) COLLATE utf8_bin DEFAULT NULL,
  PRIMARY KEY (`ID_`),
  KEY `ACT_IDX_HI_IDENT_LNK_USER` (`USER_ID_`),
  KEY `ACT_IDX_HI_IDENT_LNK_TASK` (`TASK_ID_`),
  KEY `ACT_IDX_HI_IDENT_LNK_PROCINST` (`PROC_INST_ID_`)
) ENGINE=InnoDB DEFAULT CHARSET=utf8 COLLATE=utf8_bin;

/*Data for the table `act_hi_identitylink` */

insert  into `act_hi_identitylink`(`ID_`,`GROUP_ID_`,`TYPE_`,`USER_ID_`,`TASK_ID_`,`PROC_INST_ID_`) values ('40005',NULL,'participant','员工',NULL,'40001'),('42505',NULL,'participant','员工',NULL,'42501'),('45005',NULL,'participant','员工',NULL,'45001'),('47505',NULL,'participant','员工',NULL,'47501'),('47508',NULL,'participant','经理',NULL,'40001'),('47511',NULL,'participant','经理',NULL,'42501'),('47514',NULL,'participant','经理',NULL,'45001'),('47517',NULL,'participant','经理',NULL,'47501'),('50005',NULL,'participant','员工',NULL,'50001'),('50008',NULL,'participant','经理',NULL,'50001'),('52505',NULL,'participant','员工',NULL,'52501'),('52508',NULL,'participant','老板',NULL,'40001'),('52511',NULL,'participant','老板',NULL,'42501'),('52514',NULL,'participant','老板',NULL,'45001'),('52517',NULL,'participant','老板',NULL,'47501'),('52520',NULL,'participant','老板',NULL,'50001'),('55005',NULL,'participant','员工',NULL,'55001'),('57505',NULL,'participant','员工',NULL,'57501');

/*Table structure for table `act_hi_procinst` */

DROP TABLE IF EXISTS `act_hi_procinst`;

CREATE TABLE `act_hi_procinst` (
  `ID_` varchar(64) COLLATE utf8_bin NOT NULL,
  `PROC_INST_ID_` varchar(64) COLLATE utf8_bin NOT NULL,
  `BUSINESS_KEY_` varchar(255) COLLATE utf8_bin DEFAULT NULL,
  `PROC_DEF_ID_` varchar(64) COLLATE utf8_bin NOT NULL,
  `START_TIME_` datetime(3) NOT NULL,
  `END_TIME_` datetime(3) DEFAULT NULL,
  `DURATION_` bigint(20) DEFAULT NULL,
  `START_USER_ID_` varchar(255) COLLATE utf8_bin DEFAULT NULL,
  `START_ACT_ID_` varchar(255) COLLATE utf8_bin DEFAULT NULL,
  `END_ACT_ID_` varchar(255) COLLATE utf8_bin DEFAULT NULL,
  `SUPER_PROCESS_INSTANCE_ID_` varchar(64) COLLATE utf8_bin DEFAULT NULL,
  `DELETE_REASON_` varchar(4000) COLLATE utf8_bin DEFAULT NULL,
  `TENANT_ID_` varchar(255) COLLATE utf8_bin DEFAULT '',
  `NAME_` varchar(255) COLLATE utf8_bin DEFAULT NULL,
  PRIMARY KEY (`ID_`),
  UNIQUE KEY `PROC_INST_ID_` (`PROC_INST_ID_`),
  KEY `ACT_IDX_HI_PRO_INST_END` (`END_TIME_`),
  KEY `ACT_IDX_HI_PRO_I_BUSKEY` (`BUSINESS_KEY_`)
) ENGINE=InnoDB DEFAULT CHARSET=utf8 COLLATE=utf8_bin;

/*Data for the table `act_hi_procinst` */

insert  into `act_hi_procinst`(`ID_`,`PROC_INST_ID_`,`BUSINESS_KEY_`,`PROC_DEF_ID_`,`START_TIME_`,`END_TIME_`,`DURATION_`,`START_USER_ID_`,`START_ACT_ID_`,`END_ACT_ID_`,`SUPER_PROCESS_INSTANCE_ID_`,`DELETE_REASON_`,`TENANT_ID_`,`NAME_`) values ('40001','40001',NULL,'LeaveFlow:1:37504','2016-07-04 18:39:42.092','2016-07-04 18:57:01.225',1039133,NULL,'startevent1','endevent1',NULL,NULL,'',NULL),('42501','42501',NULL,'LeaveFlow:1:37504','2016-07-04 18:40:08.989','2016-07-04 18:57:01.253',1012264,NULL,'startevent1','endevent1',NULL,NULL,'',NULL),('45001','45001',NULL,'LeaveFlow:1:37504','2016-07-04 18:44:32.962','2016-07-04 18:57:01.273',748311,NULL,'startevent1','endevent1',NULL,NULL,'',NULL),('47501','47501',NULL,'LeaveFlow:1:37504','2016-07-04 18:52:04.703','2016-07-04 18:57:01.297',296594,NULL,'startevent1','endevent1',NULL,NULL,'',NULL),('50001','50001',NULL,'LeaveFlow:1:37504','2016-07-04 18:53:50.681','2016-07-04 18:57:01.316',190635,NULL,'startevent1','endevent1',NULL,NULL,'',NULL),('52501','52501',NULL,'LeaveFlow:1:37504','2016-07-04 18:56:07.757',NULL,NULL,NULL,'startevent1',NULL,NULL,NULL,'',NULL),('55001','55001',NULL,'LeaveFlow:1:37504','2016-07-04 18:57:01.104',NULL,NULL,NULL,'startevent1',NULL,NULL,NULL,'',NULL),('57501','57501',NULL,'LeaveFlow:1:37504','2016-07-04 18:58:09.745',NULL,NULL,NULL,'startevent1',NULL,NULL,NULL,'',NULL);

/*Table structure for table `act_hi_taskinst` */

DROP TABLE IF EXISTS `act_hi_taskinst`;

CREATE TABLE `act_hi_taskinst` (
  `ID_` varchar(64) COLLATE utf8_bin NOT NULL,
  `PROC_DEF_ID_` varchar(64) COLLATE utf8_bin DEFAULT NULL,
  `TASK_DEF_KEY_` varchar(255) COLLATE utf8_bin DEFAULT NULL,
  `PROC_INST_ID_` varchar(64) COLLATE utf8_bin DEFAULT NULL,
  `EXECUTION_ID_` varchar(64) COLLATE utf8_bin DEFAULT NULL,
  `NAME_` varchar(255) COLLATE utf8_bin DEFAULT NULL,
  `PARENT_TASK_ID_` varchar(64) COLLATE utf8_bin DEFAULT NULL,
  `DESCRIPTION_` varchar(4000) COLLATE utf8_bin DEFAULT NULL,
  `OWNER_` varchar(255) COLLATE utf8_bin DEFAULT NULL,
  `ASSIGNEE_` varchar(255) COLLATE utf8_bin DEFAULT NULL,
  `START_TIME_` datetime(3) NOT NULL,
  `CLAIM_TIME_` datetime(3) DEFAULT NULL,
  `END_TIME_` datetime(3) DEFAULT NULL,
  `DURATION_` bigint(20) DEFAULT NULL,
  `DELETE_REASON_` varchar(4000) COLLATE utf8_bin DEFAULT NULL,
  `PRIORITY_` int(11) DEFAULT NULL,
  `DUE_DATE_` datetime(3) DEFAULT NULL,
  `FORM_KEY_` varchar(255) COLLATE utf8_bin DEFAULT NULL,
  `CATEGORY_` varchar(255) COLLATE utf8_bin DEFAULT NULL,
  `TENANT_ID_` varchar(255) COLLATE utf8_bin DEFAULT '',
  PRIMARY KEY (`ID_`),
  KEY `ACT_IDX_HI_TASK_INST_PROCINST` (`PROC_INST_ID_`)
) ENGINE=InnoDB DEFAULT CHARSET=utf8 COLLATE=utf8_bin;

/*Data for the table `act_hi_taskinst` */

insert  into `act_hi_taskinst`(`ID_`,`PROC_DEF_ID_`,`TASK_DEF_KEY_`,`PROC_INST_ID_`,`EXECUTION_ID_`,`NAME_`,`PARENT_TASK_ID_`,`DESCRIPTION_`,`OWNER_`,`ASSIGNEE_`,`START_TIME_`,`CLAIM_TIME_`,`END_TIME_`,`DURATION_`,`DELETE_REASON_`,`PRIORITY_`,`DUE_DATE_`,`FORM_KEY_`,`CATEGORY_`,`TENANT_ID_`) values ('40004','LeaveFlow:1:37504','usertask4','40001','40001','员工请假申请',NULL,NULL,NULL,'员工','2016-07-04 18:39:42.101','2016-07-04 18:52:04.802','2016-07-04 18:52:04.828',742727,'completed',50,NULL,NULL,NULL,''),('42504','LeaveFlow:1:37504','usertask4','42501','42501','员工请假申请',NULL,NULL,NULL,'员工','2016-07-04 18:40:08.997','2016-07-04 18:52:04.809','2016-07-04 18:52:04.856',715859,'completed',50,NULL,NULL,NULL,''),('45004','LeaveFlow:1:37504','usertask4','45001','45001','员工请假申请',NULL,NULL,NULL,'员工','2016-07-04 18:44:32.970','2016-07-04 18:52:04.814','2016-07-04 18:52:04.879',451909,'completed',50,NULL,NULL,NULL,''),('47504','LeaveFlow:1:37504','usertask4','47501','47501','员工请假申请',NULL,NULL,NULL,'员工','2016-07-04 18:52:04.713','2016-07-04 18:52:04.819','2016-07-04 18:52:04.897',184,'completed',50,NULL,NULL,NULL,''),('47507','LeaveFlow:1:37504','usertask2','40001','40001','部门经理审批',NULL,NULL,NULL,'经理','2016-07-04 18:52:04.834','2016-07-04 18:56:07.835','2016-07-04 18:56:07.861',243027,'completed',50,NULL,NULL,NULL,''),('47510','LeaveFlow:1:37504','usertask2','42501','42501','部门经理审批',NULL,NULL,NULL,'经理','2016-07-04 18:52:04.860','2016-07-04 18:56:07.840','2016-07-04 18:56:07.877',243017,'completed',50,NULL,NULL,NULL,''),('47513','LeaveFlow:1:37504','usertask2','45001','45001','部门经理审批',NULL,NULL,NULL,'经理','2016-07-04 18:52:04.882','2016-07-04 18:56:07.846','2016-07-04 18:56:07.889',243007,'completed',50,NULL,NULL,NULL,''),('47516','LeaveFlow:1:37504','usertask2','47501','47501','部门经理审批',NULL,NULL,NULL,'经理','2016-07-04 18:52:04.903','2016-07-04 18:56:07.850','2016-07-04 18:56:07.918',243015,'completed',50,NULL,NULL,NULL,''),('50004','LeaveFlow:1:37504','usertask4','50001','50001','员工请假申请',NULL,NULL,NULL,'员工','2016-07-04 18:53:50.689','2016-07-04 18:53:50.757','2016-07-04 18:53:50.767',78,'completed',50,NULL,NULL,NULL,''),('50007','LeaveFlow:1:37504','usertask2','50001','50001','部门经理审批',NULL,NULL,NULL,'经理','2016-07-04 18:53:50.774','2016-07-04 18:56:07.854','2016-07-04 18:56:07.932',137158,'completed',50,NULL,NULL,NULL,''),('52504','LeaveFlow:1:37504','usertask4','52501','52501','员工请假申请',NULL,NULL,NULL,'员工','2016-07-04 18:56:07.765',NULL,NULL,NULL,NULL,50,NULL,NULL,NULL,''),('52507','LeaveFlow:1:37504','usertask5','40001','40001','老板审批',NULL,NULL,NULL,'老板','2016-07-04 18:56:07.866','2016-07-04 18:57:01.184','2016-07-04 18:57:01.218',53352,'completed',50,NULL,NULL,NULL,''),('52510','LeaveFlow:1:37504','usertask5','42501','42501','老板审批',NULL,NULL,NULL,'老板','2016-07-04 18:56:07.879','2016-07-04 18:57:01.194','2016-07-04 18:57:01.249',53370,'completed',50,NULL,NULL,NULL,''),('52513','LeaveFlow:1:37504','usertask5','45001','45001','老板审批',NULL,NULL,NULL,'老板','2016-07-04 18:56:07.893','2016-07-04 18:57:01.200','2016-07-04 18:57:01.267',53374,'completed',50,NULL,NULL,NULL,''),('52516','LeaveFlow:1:37504','usertask5','47501','47501','老板审批',NULL,NULL,NULL,'老板','2016-07-04 18:56:07.921','2016-07-04 18:57:01.205','2016-07-04 18:57:01.293',53372,'completed',50,NULL,NULL,NULL,''),('52519','LeaveFlow:1:37504','usertask5','50001','50001','老板审批',NULL,NULL,NULL,'老板','2016-07-04 18:56:07.934','2016-07-04 18:57:01.210','2016-07-04 18:57:01.312',53378,'completed',50,NULL,NULL,NULL,''),('55004','LeaveFlow:1:37504','usertask4','55001','55001','员工请假申请',NULL,NULL,NULL,'员工','2016-07-04 18:57:01.113',NULL,NULL,NULL,NULL,50,NULL,NULL,NULL,''),('57504','LeaveFlow:1:37504','usertask4','57501','57501','员工请假申请',NULL,NULL,NULL,'员工','2016-07-04 18:58:09.754',NULL,NULL,NULL,NULL,50,NULL,NULL,NULL,'');

/*Table structure for table `act_hi_varinst` */

DROP TABLE IF EXISTS `act_hi_varinst`;

CREATE TABLE `act_hi_varinst` (
  `ID_` varchar(64) COLLATE utf8_bin NOT NULL,
  `PROC_INST_ID_` varchar(64) COLLATE utf8_bin DEFAULT NULL,
  `EXECUTION_ID_` varchar(64) COLLATE utf8_bin DEFAULT NULL,
  `TASK_ID_` varchar(64) COLLATE utf8_bin DEFAULT NULL,
  `NAME_` varchar(255) COLLATE utf8_bin NOT NULL,
  `VAR_TYPE_` varchar(100) COLLATE utf8_bin DEFAULT NULL,
  `REV_` int(11) DEFAULT NULL,
  `BYTEARRAY_ID_` varchar(64) COLLATE utf8_bin DEFAULT NULL,
  `DOUBLE_` double DEFAULT NULL,
  `LONG_` bigint(20) DEFAULT NULL,
  `TEXT_` varchar(4000) COLLATE utf8_bin DEFAULT NULL,
  `TEXT2_` varchar(4000) COLLATE utf8_bin DEFAULT NULL,
  `CREATE_TIME_` datetime(3) DEFAULT NULL,
  `LAST_UPDATED_TIME_` datetime(3) DEFAULT NULL,
  PRIMARY KEY (`ID_`),
  KEY `ACT_IDX_HI_PROCVAR_PROC_INST` (`PROC_INST_ID_`),
  KEY `ACT_IDX_HI_PROCVAR_NAME_TYPE` (`NAME_`,`VAR_TYPE_`),
  KEY `ACT_IDX_HI_PROCVAR_TASK_ID` (`TASK_ID_`)
) ENGINE=InnoDB DEFAULT CHARSET=utf8 COLLATE=utf8_bin;

/*Data for the table `act_hi_varinst` */

/*Table structure for table `act_id_group` */

DROP TABLE IF EXISTS `act_id_group`;

CREATE TABLE `act_id_group` (
  `ID_` varchar(64) COLLATE utf8_bin NOT NULL,
  `REV_` int(11) DEFAULT NULL,
  `NAME_` varchar(255) COLLATE utf8_bin DEFAULT NULL,
  `TYPE_` varchar(255) COLLATE utf8_bin DEFAULT NULL,
  PRIMARY KEY (`ID_`)
) ENGINE=InnoDB DEFAULT CHARSET=utf8 COLLATE=utf8_bin;

/*Data for the table `act_id_group` */

/*Table structure for table `act_id_info` */

DROP TABLE IF EXISTS `act_id_info`;

CREATE TABLE `act_id_info` (
  `ID_` varchar(64) COLLATE utf8_bin NOT NULL,
  `REV_` int(11) DEFAULT NULL,
  `USER_ID_` varchar(64) COLLATE utf8_bin DEFAULT NULL,
  `TYPE_` varchar(64) COLLATE utf8_bin DEFAULT NULL,
  `KEY_` varchar(255) COLLATE utf8_bin DEFAULT NULL,
  `VALUE_` varchar(255) COLLATE utf8_bin DEFAULT NULL,
  `PASSWORD_` longblob,
  `PARENT_ID_` varchar(255) COLLATE utf8_bin DEFAULT NULL,
  PRIMARY KEY (`ID_`)
) ENGINE=InnoDB DEFAULT CHARSET=utf8 COLLATE=utf8_bin;

/*Data for the table `act_id_info` */

/*Table structure for table `act_id_membership` */

DROP TABLE IF EXISTS `act_id_membership`;

CREATE TABLE `act_id_membership` (
  `USER_ID_` varchar(64) COLLATE utf8_bin NOT NULL,
  `GROUP_ID_` varchar(64) COLLATE utf8_bin NOT NULL,
  PRIMARY KEY (`USER_ID_`,`GROUP_ID_`),
  KEY `ACT_FK_MEMB_GROUP` (`GROUP_ID_`),
  CONSTRAINT `ACT_FK_MEMB_GROUP` FOREIGN KEY (`GROUP_ID_`) REFERENCES `act_id_group` (`ID_`),
  CONSTRAINT `ACT_FK_MEMB_USER` FOREIGN KEY (`USER_ID_`) REFERENCES `act_id_user` (`ID_`)
) ENGINE=InnoDB DEFAULT CHARSET=utf8 COLLATE=utf8_bin;

/*Data for the table `act_id_membership` */

/*Table structure for table `act_id_user` */

DROP TABLE IF EXISTS `act_id_user`;

CREATE TABLE `act_id_user` (
  `ID_` varchar(64) COLLATE utf8_bin NOT NULL,
  `REV_` int(11) DEFAULT NULL,
  `FIRST_` varchar(255) COLLATE utf8_bin DEFAULT NULL,
  `LAST_` varchar(255) COLLATE utf8_bin DEFAULT NULL,
  `EMAIL_` varchar(255) COLLATE utf8_bin DEFAULT NULL,
  `PWD_` varchar(255) COLLATE utf8_bin DEFAULT NULL,
  `PICTURE_ID_` varchar(64) COLLATE utf8_bin DEFAULT NULL,
  PRIMARY KEY (`ID_`)
) ENGINE=InnoDB DEFAULT CHARSET=utf8 COLLATE=utf8_bin;

/*Data for the table `act_id_user` */

/*Table structure for table `act_procdef_info` */

DROP TABLE IF EXISTS `act_procdef_info`;

CREATE TABLE `act_procdef_info` (
  `ID_` varchar(64) COLLATE utf8_bin NOT NULL,
  `PROC_DEF_ID_` varchar(64) COLLATE utf8_bin NOT NULL,
  `REV_` int(11) DEFAULT NULL,
  `INFO_JSON_ID_` varchar(64) COLLATE utf8_bin DEFAULT NULL,
  PRIMARY KEY (`ID_`),
  UNIQUE KEY `ACT_UNIQ_INFO_PROCDEF` (`PROC_DEF_ID_`),
  KEY `ACT_IDX_INFO_PROCDEF` (`PROC_DEF_ID_`),
  KEY `ACT_FK_INFO_JSON_BA` (`INFO_JSON_ID_`),
  CONSTRAINT `ACT_FK_INFO_JSON_BA` FOREIGN KEY (`INFO_JSON_ID_`) REFERENCES `act_ge_bytearray` (`ID_`),
  CONSTRAINT `ACT_FK_INFO_PROCDEF` FOREIGN KEY (`PROC_DEF_ID_`) REFERENCES `act_re_procdef` (`ID_`)
) ENGINE=InnoDB DEFAULT CHARSET=utf8 COLLATE=utf8_bin;

/*Data for the table `act_procdef_info` */

/*Table structure for table `act_re_deployment` */

DROP TABLE IF EXISTS `act_re_deployment`;

CREATE TABLE `act_re_deployment` (
  `ID_` varchar(64) COLLATE utf8_bin NOT NULL,
  `NAME_` varchar(255) COLLATE utf8_bin DEFAULT NULL,
  `CATEGORY_` varchar(255) COLLATE utf8_bin DEFAULT NULL,
  `TENANT_ID_` varchar(255) COLLATE utf8_bin DEFAULT '',
  `DEPLOY_TIME_` timestamp(3) NULL DEFAULT NULL,
  PRIMARY KEY (`ID_`)
) ENGINE=InnoDB DEFAULT CHARSET=utf8 COLLATE=utf8_bin;

/*Data for the table `act_re_deployment` */

insert  into `act_re_deployment`(`ID_`,`NAME_`,`CATEGORY_`,`TENANT_ID_`,`DEPLOY_TIME_`) values ('10001',NULL,NULL,'','2016-07-04 11:42:50.101'),('12501',NULL,NULL,'','2016-07-04 11:44:23.369'),('15001','测试',NULL,'','2016-07-04 11:50:00.866'),('17501','测试',NULL,'','2016-07-04 11:59:45.656'),('20001','测试',NULL,'','2016-07-04 12:01:28.786'),('2501',NULL,NULL,'','2016-07-04 11:37:01.770'),('37501','leaveFlow',NULL,'','2016-07-04 18:38:44.275'),('5001',NULL,NULL,'','2016-07-04 11:39:20.805'),('60001','leaveFlow',NULL,'','2016-07-06 18:56:37.402'),('62501','leaveFlow',NULL,'','2016-07-14 10:31:14.996'),('65001','leaveFlow',NULL,'','2016-07-18 09:40:32.970'),('67501','leaveFlow',NULL,'','2016-07-19 13:40:04.515'),('70001','leaveFlow',NULL,'','2016-07-20 09:06:11.900'),('72501','leaveFlow',NULL,'','2016-07-20 20:54:04.809'),('75001','leaveFlow',NULL,'','2016-07-21 17:04:28.148'),('7501',NULL,NULL,'','2016-07-04 11:41:23.459');

/*Table structure for table `act_re_model` */

DROP TABLE IF EXISTS `act_re_model`;

CREATE TABLE `act_re_model` (
  `ID_` varchar(64) COLLATE utf8_bin NOT NULL,
  `REV_` int(11) DEFAULT NULL,
  `NAME_` varchar(255) COLLATE utf8_bin DEFAULT NULL,
  `KEY_` varchar(255) COLLATE utf8_bin DEFAULT NULL,
  `CATEGORY_` varchar(255) COLLATE utf8_bin DEFAULT NULL,
  `CREATE_TIME_` timestamp(3) NULL DEFAULT NULL,
  `LAST_UPDATE_TIME_` timestamp(3) NULL DEFAULT NULL,
  `VERSION_` int(11) DEFAULT NULL,
  `META_INFO_` varchar(4000) COLLATE utf8_bin DEFAULT NULL,
  `DEPLOYMENT_ID_` varchar(64) COLLATE utf8_bin DEFAULT NULL,
  `EDITOR_SOURCE_VALUE_ID_` varchar(64) COLLATE utf8_bin DEFAULT NULL,
  `EDITOR_SOURCE_EXTRA_VALUE_ID_` varchar(64) COLLATE utf8_bin DEFAULT NULL,
  `TENANT_ID_` varchar(255) COLLATE utf8_bin DEFAULT '',
  PRIMARY KEY (`ID_`),
  KEY `ACT_FK_MODEL_SOURCE` (`EDITOR_SOURCE_VALUE_ID_`),
  KEY `ACT_FK_MODEL_SOURCE_EXTRA` (`EDITOR_SOURCE_EXTRA_VALUE_ID_`),
  KEY `ACT_FK_MODEL_DEPLOYMENT` (`DEPLOYMENT_ID_`),
  CONSTRAINT `ACT_FK_MODEL_DEPLOYMENT` FOREIGN KEY (`DEPLOYMENT_ID_`) REFERENCES `act_re_deployment` (`ID_`),
  CONSTRAINT `ACT_FK_MODEL_SOURCE` FOREIGN KEY (`EDITOR_SOURCE_VALUE_ID_`) REFERENCES `act_ge_bytearray` (`ID_`),
  CONSTRAINT `ACT_FK_MODEL_SOURCE_EXTRA` FOREIGN KEY (`EDITOR_SOURCE_EXTRA_VALUE_ID_`) REFERENCES `act_ge_bytearray` (`ID_`)
) ENGINE=InnoDB DEFAULT CHARSET=utf8 COLLATE=utf8_bin;

/*Data for the table `act_re_model` */

/*Table structure for table `act_re_procdef` */

DROP TABLE IF EXISTS `act_re_procdef`;

CREATE TABLE `act_re_procdef` (
  `ID_` varchar(64) COLLATE utf8_bin NOT NULL,
  `REV_` int(11) DEFAULT NULL,
  `CATEGORY_` varchar(255) COLLATE utf8_bin DEFAULT NULL,
  `NAME_` varchar(255) COLLATE utf8_bin DEFAULT NULL,
  `KEY_` varchar(255) COLLATE utf8_bin NOT NULL,
  `VERSION_` int(11) NOT NULL,
  `DEPLOYMENT_ID_` varchar(64) COLLATE utf8_bin DEFAULT NULL,
  `RESOURCE_NAME_` varchar(4000) COLLATE utf8_bin DEFAULT NULL,
  `DGRM_RESOURCE_NAME_` varchar(4000) COLLATE utf8_bin DEFAULT NULL,
  `DESCRIPTION_` varchar(4000) COLLATE utf8_bin DEFAULT NULL,
  `HAS_START_FORM_KEY_` tinyint(4) DEFAULT NULL,
  `HAS_GRAPHICAL_NOTATION_` tinyint(4) DEFAULT NULL,
  `SUSPENSION_STATE_` int(11) DEFAULT NULL,
  `TENANT_ID_` varchar(255) COLLATE utf8_bin DEFAULT '',
  PRIMARY KEY (`ID_`),
  UNIQUE KEY `ACT_UNIQ_PROCDEF` (`KEY_`,`VERSION_`,`TENANT_ID_`)
) ENGINE=InnoDB DEFAULT CHARSET=utf8 COLLATE=utf8_bin;

/*Data for the table `act_re_procdef` */

insert  into `act_re_procdef`(`ID_`,`REV_`,`CATEGORY_`,`NAME_`,`KEY_`,`VERSION_`,`DEPLOYMENT_ID_`,`RESOURCE_NAME_`,`DGRM_RESOURCE_NAME_`,`DESCRIPTION_`,`HAS_START_FORM_KEY_`,`HAS_GRAPHICAL_NOTATION_`,`SUSPENSION_STATE_`,`TENANT_ID_`) values ('LeaveFlow:1:37504',1,'http://www.activiti.org/test','请假流程','LeaveFlow',1,'37501','D:\\Develop\\Projects\\SSHProjectTemplate\\target\\classes\\leave.bpmn','D:\\Develop\\Projects\\SSHProjectTemplate\\target\\classes\\leave.LeaveFlow.png',NULL,0,1,1,''),('LeaveFlow:2:60004',1,'http://www.activiti.org/test','请假流程','LeaveFlow',2,'60001','D:\\Develop\\Projects\\SSHProjectTemplate\\target\\zjcscut\\WEB-INF\\classes\\leave.bpmn','D:\\Develop\\Projects\\SSHProjectTemplate\\target\\zjcscut\\WEB-INF\\classes\\leave.LeaveFlow.png',NULL,0,1,1,''),('LeaveFlow:3:62504',1,'http://www.activiti.org/test','请假流程','LeaveFlow',3,'62501','D:\\Develop\\Projects\\SSHProjectTemplate\\target\\classes\\leave.bpmn','D:\\Develop\\Projects\\SSHProjectTemplate\\target\\classes\\leave.LeaveFlow.png',NULL,0,1,1,''),('LeaveFlow:4:65004',1,'http://www.activiti.org/test','请假流程','LeaveFlow',4,'65001','D:\\Develop\\Projects\\SSHProjectTemplate\\target\\zjcscut\\WEB-INF\\classes\\leave.bpmn','D:\\Develop\\Projects\\SSHProjectTemplate\\target\\zjcscut\\WEB-INF\\classes\\leave.LeaveFlow.png',NULL,0,1,1,''),('LeaveFlow:5:67504',1,'http://www.activiti.org/test','请假流程','LeaveFlow',5,'67501','D:\\Develop\\Projects\\SSHProjectTemplate\\target\\classes\\leave.bpmn','D:\\Develop\\Projects\\SSHProjectTemplate\\target\\classes\\leave.LeaveFlow.png',NULL,0,1,1,''),('LeaveFlow:6:70004',1,'http://www.activiti.org/test','请假流程','LeaveFlow',6,'70001','D:\\Develop\\Projects\\SSHProjectTemplate\\target\\zjcscut\\WEB-INF\\classes\\leave.bpmn','D:\\Develop\\Projects\\SSHProjectTemplate\\target\\zjcscut\\WEB-INF\\classes\\leave.LeaveFlow.png',NULL,0,1,1,''),('LeaveFlow:7:72504',1,'http://www.activiti.org/test','请假流程','LeaveFlow',7,'72501','D:\\Develop\\Projects\\SSHProjectTemplate\\target\\classes\\leave.bpmn','D:\\Develop\\Projects\\SSHProjectTemplate\\target\\classes\\leave.LeaveFlow.png',NULL,0,1,1,''),('LeaveFlow:8:75004',1,'http://www.activiti.org/test','请假流程','LeaveFlow',8,'75001','D:\\Develop\\Projects\\SSHProjectTemplate\\target\\zjcscut\\WEB-INF\\classes\\leave.bpmn','D:\\Develop\\Projects\\SSHProjectTemplate\\target\\zjcscut\\WEB-INF\\classes\\leave.LeaveFlow.png',NULL,0,1,1,'');

/*Table structure for table `act_ru_event_subscr` */

DROP TABLE IF EXISTS `act_ru_event_subscr`;

CREATE TABLE `act_ru_event_subscr` (
  `ID_` varchar(64) COLLATE utf8_bin NOT NULL,
  `REV_` int(11) DEFAULT NULL,
  `EVENT_TYPE_` varchar(255) COLLATE utf8_bin NOT NULL,
  `EVENT_NAME_` varchar(255) COLLATE utf8_bin DEFAULT NULL,
  `EXECUTION_ID_` varchar(64) COLLATE utf8_bin DEFAULT NULL,
  `PROC_INST_ID_` varchar(64) COLLATE utf8_bin DEFAULT NULL,
  `ACTIVITY_ID_` varchar(64) COLLATE utf8_bin DEFAULT NULL,
  `CONFIGURATION_` varchar(255) COLLATE utf8_bin DEFAULT NULL,
  `CREATED_` timestamp(3) NOT NULL DEFAULT CURRENT_TIMESTAMP(3),
  `PROC_DEF_ID_` varchar(64) COLLATE utf8_bin DEFAULT NULL,
  `TENANT_ID_` varchar(255) COLLATE utf8_bin DEFAULT '',
  PRIMARY KEY (`ID_`),
  KEY `ACT_IDX_EVENT_SUBSCR_CONFIG_` (`CONFIGURATION_`),
  KEY `ACT_FK_EVENT_EXEC` (`EXECUTION_ID_`),
  CONSTRAINT `ACT_FK_EVENT_EXEC` FOREIGN KEY (`EXECUTION_ID_`) REFERENCES `act_ru_execution` (`ID_`)
) ENGINE=InnoDB DEFAULT CHARSET=utf8 COLLATE=utf8_bin;

/*Data for the table `act_ru_event_subscr` */

/*Table structure for table `act_ru_execution` */

DROP TABLE IF EXISTS `act_ru_execution`;

CREATE TABLE `act_ru_execution` (
  `ID_` varchar(64) COLLATE utf8_bin NOT NULL,
  `REV_` int(11) DEFAULT NULL,
  `PROC_INST_ID_` varchar(64) COLLATE utf8_bin DEFAULT NULL,
  `BUSINESS_KEY_` varchar(255) COLLATE utf8_bin DEFAULT NULL,
  `PARENT_ID_` varchar(64) COLLATE utf8_bin DEFAULT NULL,
  `PROC_DEF_ID_` varchar(64) COLLATE utf8_bin DEFAULT NULL,
  `SUPER_EXEC_` varchar(64) COLLATE utf8_bin DEFAULT NULL,
  `ACT_ID_` varchar(255) COLLATE utf8_bin DEFAULT NULL,
  `IS_ACTIVE_` tinyint(4) DEFAULT NULL,
  `IS_CONCURRENT_` tinyint(4) DEFAULT NULL,
  `IS_SCOPE_` tinyint(4) DEFAULT NULL,
  `IS_EVENT_SCOPE_` tinyint(4) DEFAULT NULL,
  `SUSPENSION_STATE_` int(11) DEFAULT NULL,
  `CACHED_ENT_STATE_` int(11) DEFAULT NULL,
  `TENANT_ID_` varchar(255) COLLATE utf8_bin DEFAULT '',
  `NAME_` varchar(255) COLLATE utf8_bin DEFAULT NULL,
  `LOCK_TIME_` timestamp(3) NULL DEFAULT NULL,
  PRIMARY KEY (`ID_`),
  KEY `ACT_IDX_EXEC_BUSKEY` (`BUSINESS_KEY_`),
  KEY `ACT_FK_EXE_PROCINST` (`PROC_INST_ID_`),
  KEY `ACT_FK_EXE_PARENT` (`PARENT_ID_`),
  KEY `ACT_FK_EXE_SUPER` (`SUPER_EXEC_`),
  KEY `ACT_FK_EXE_PROCDEF` (`PROC_DEF_ID_`),
  CONSTRAINT `ACT_FK_EXE_PARENT` FOREIGN KEY (`PARENT_ID_`) REFERENCES `act_ru_execution` (`ID_`),
  CONSTRAINT `ACT_FK_EXE_PROCDEF` FOREIGN KEY (`PROC_DEF_ID_`) REFERENCES `act_re_procdef` (`ID_`),
  CONSTRAINT `ACT_FK_EXE_PROCINST` FOREIGN KEY (`PROC_INST_ID_`) REFERENCES `act_ru_execution` (`ID_`) ON DELETE CASCADE ON UPDATE CASCADE,
  CONSTRAINT `ACT_FK_EXE_SUPER` FOREIGN KEY (`SUPER_EXEC_`) REFERENCES `act_ru_execution` (`ID_`)
) ENGINE=InnoDB DEFAULT CHARSET=utf8 COLLATE=utf8_bin;

/*Data for the table `act_ru_execution` */

insert  into `act_ru_execution`(`ID_`,`REV_`,`PROC_INST_ID_`,`BUSINESS_KEY_`,`PARENT_ID_`,`PROC_DEF_ID_`,`SUPER_EXEC_`,`ACT_ID_`,`IS_ACTIVE_`,`IS_CONCURRENT_`,`IS_SCOPE_`,`IS_EVENT_SCOPE_`,`SUSPENSION_STATE_`,`CACHED_ENT_STATE_`,`TENANT_ID_`,`NAME_`,`LOCK_TIME_`) values ('52501',1,'52501',NULL,NULL,'LeaveFlow:1:37504',NULL,'usertask4',1,0,1,0,1,2,'',NULL,NULL),('55001',1,'55001',NULL,NULL,'LeaveFlow:1:37504',NULL,'usertask4',1,0,1,0,1,2,'',NULL,NULL),('57501',1,'57501',NULL,NULL,'LeaveFlow:1:37504',NULL,'usertask4',1,0,1,0,1,2,'',NULL,NULL);

/*Table structure for table `act_ru_identitylink` */

DROP TABLE IF EXISTS `act_ru_identitylink`;

CREATE TABLE `act_ru_identitylink` (
  `ID_` varchar(64) COLLATE utf8_bin NOT NULL,
  `REV_` int(11) DEFAULT NULL,
  `GROUP_ID_` varchar(255) COLLATE utf8_bin DEFAULT NULL,
  `TYPE_` varchar(255) COLLATE utf8_bin DEFAULT NULL,
  `USER_ID_` varchar(255) COLLATE utf8_bin DEFAULT NULL,
  `TASK_ID_` varchar(64) COLLATE utf8_bin DEFAULT NULL,
  `PROC_INST_ID_` varchar(64) COLLATE utf8_bin DEFAULT NULL,
  `PROC_DEF_ID_` varchar(64) COLLATE utf8_bin DEFAULT NULL,
  PRIMARY KEY (`ID_`),
  KEY `ACT_IDX_IDENT_LNK_USER` (`USER_ID_`),
  KEY `ACT_IDX_IDENT_LNK_GROUP` (`GROUP_ID_`),
  KEY `ACT_IDX_ATHRZ_PROCEDEF` (`PROC_DEF_ID_`),
  KEY `ACT_FK_TSKASS_TASK` (`TASK_ID_`),
  KEY `ACT_FK_IDL_PROCINST` (`PROC_INST_ID_`),
  CONSTRAINT `ACT_FK_ATHRZ_PROCEDEF` FOREIGN KEY (`PROC_DEF_ID_`) REFERENCES `act_re_procdef` (`ID_`),
  CONSTRAINT `ACT_FK_IDL_PROCINST` FOREIGN KEY (`PROC_INST_ID_`) REFERENCES `act_ru_execution` (`ID_`),
  CONSTRAINT `ACT_FK_TSKASS_TASK` FOREIGN KEY (`TASK_ID_`) REFERENCES `act_ru_task` (`ID_`)
) ENGINE=InnoDB DEFAULT CHARSET=utf8 COLLATE=utf8_bin;

/*Data for the table `act_ru_identitylink` */

insert  into `act_ru_identitylink`(`ID_`,`REV_`,`GROUP_ID_`,`TYPE_`,`USER_ID_`,`TASK_ID_`,`PROC_INST_ID_`,`PROC_DEF_ID_`) values ('52505',1,NULL,'participant','员工',NULL,'52501',NULL),('55005',1,NULL,'participant','员工',NULL,'55001',NULL),('57505',1,NULL,'participant','员工',NULL,'57501',NULL);

/*Table structure for table `act_ru_job` */

DROP TABLE IF EXISTS `act_ru_job`;

CREATE TABLE `act_ru_job` (
  `ID_` varchar(64) COLLATE utf8_bin NOT NULL,
  `REV_` int(11) DEFAULT NULL,
  `TYPE_` varchar(255) COLLATE utf8_bin NOT NULL,
  `LOCK_EXP_TIME_` timestamp(3) NULL DEFAULT NULL,
  `LOCK_OWNER_` varchar(255) COLLATE utf8_bin DEFAULT NULL,
  `EXCLUSIVE_` tinyint(1) DEFAULT NULL,
  `EXECUTION_ID_` varchar(64) COLLATE utf8_bin DEFAULT NULL,
  `PROCESS_INSTANCE_ID_` varchar(64) COLLATE utf8_bin DEFAULT NULL,
  `PROC_DEF_ID_` varchar(64) COLLATE utf8_bin DEFAULT NULL,
  `RETRIES_` int(11) DEFAULT NULL,
  `EXCEPTION_STACK_ID_` varchar(64) COLLATE utf8_bin DEFAULT NULL,
  `EXCEPTION_MSG_` varchar(4000) COLLATE utf8_bin DEFAULT NULL,
  `DUEDATE_` timestamp(3) NULL DEFAULT NULL,
  `REPEAT_` varchar(255) COLLATE utf8_bin DEFAULT NULL,
  `HANDLER_TYPE_` varchar(255) COLLATE utf8_bin DEFAULT NULL,
  `HANDLER_CFG_` varchar(4000) COLLATE utf8_bin DEFAULT NULL,
  `TENANT_ID_` varchar(255) COLLATE utf8_bin DEFAULT '',
  PRIMARY KEY (`ID_`),
  KEY `ACT_FK_JOB_EXCEPTION` (`EXCEPTION_STACK_ID_`),
  CONSTRAINT `ACT_FK_JOB_EXCEPTION` FOREIGN KEY (`EXCEPTION_STACK_ID_`) REFERENCES `act_ge_bytearray` (`ID_`)
) ENGINE=InnoDB DEFAULT CHARSET=utf8 COLLATE=utf8_bin;

/*Data for the table `act_ru_job` */

/*Table structure for table `act_ru_task` */

DROP TABLE IF EXISTS `act_ru_task`;

CREATE TABLE `act_ru_task` (
  `ID_` varchar(64) COLLATE utf8_bin NOT NULL,
  `REV_` int(11) DEFAULT NULL,
  `EXECUTION_ID_` varchar(64) COLLATE utf8_bin DEFAULT NULL,
  `PROC_INST_ID_` varchar(64) COLLATE utf8_bin DEFAULT NULL,
  `PROC_DEF_ID_` varchar(64) COLLATE utf8_bin DEFAULT NULL,
  `NAME_` varchar(255) COLLATE utf8_bin DEFAULT NULL,
  `PARENT_TASK_ID_` varchar(64) COLLATE utf8_bin DEFAULT NULL,
  `DESCRIPTION_` varchar(4000) COLLATE utf8_bin DEFAULT NULL,
  `TASK_DEF_KEY_` varchar(255) COLLATE utf8_bin DEFAULT NULL,
  `OWNER_` varchar(255) COLLATE utf8_bin DEFAULT NULL,
  `ASSIGNEE_` varchar(255) COLLATE utf8_bin DEFAULT NULL,
  `DELEGATION_` varchar(64) COLLATE utf8_bin DEFAULT NULL,
  `PRIORITY_` int(11) DEFAULT NULL,
  `CREATE_TIME_` timestamp(3) NULL DEFAULT NULL,
  `DUE_DATE_` datetime(3) DEFAULT NULL,
  `CATEGORY_` varchar(255) COLLATE utf8_bin DEFAULT NULL,
  `SUSPENSION_STATE_` int(11) DEFAULT NULL,
  `TENANT_ID_` varchar(255) COLLATE utf8_bin DEFAULT '',
  `FORM_KEY_` varchar(255) COLLATE utf8_bin DEFAULT NULL,
  PRIMARY KEY (`ID_`),
  KEY `ACT_IDX_TASK_CREATE` (`CREATE_TIME_`),
  KEY `ACT_FK_TASK_EXE` (`EXECUTION_ID_`),
  KEY `ACT_FK_TASK_PROCINST` (`PROC_INST_ID_`),
  KEY `ACT_FK_TASK_PROCDEF` (`PROC_DEF_ID_`),
  CONSTRAINT `ACT_FK_TASK_EXE` FOREIGN KEY (`EXECUTION_ID_`) REFERENCES `act_ru_execution` (`ID_`),
  CONSTRAINT `ACT_FK_TASK_PROCDEF` FOREIGN KEY (`PROC_DEF_ID_`) REFERENCES `act_re_procdef` (`ID_`),
  CONSTRAINT `ACT_FK_TASK_PROCINST` FOREIGN KEY (`PROC_INST_ID_`) REFERENCES `act_ru_execution` (`ID_`)
) ENGINE=InnoDB DEFAULT CHARSET=utf8 COLLATE=utf8_bin;

/*Data for the table `act_ru_task` */

insert  into `act_ru_task`(`ID_`,`REV_`,`EXECUTION_ID_`,`PROC_INST_ID_`,`PROC_DEF_ID_`,`NAME_`,`PARENT_TASK_ID_`,`DESCRIPTION_`,`TASK_DEF_KEY_`,`OWNER_`,`ASSIGNEE_`,`DELEGATION_`,`PRIORITY_`,`CREATE_TIME_`,`DUE_DATE_`,`CATEGORY_`,`SUSPENSION_STATE_`,`TENANT_ID_`,`FORM_KEY_`) values ('52504',1,'52501','52501','LeaveFlow:1:37504','员工请假申请',NULL,NULL,'usertask4',NULL,'员工',NULL,50,'2016-07-04 18:56:07.764',NULL,NULL,1,'',NULL),('55004',1,'55001','55001','LeaveFlow:1:37504','员工请假申请',NULL,NULL,'usertask4',NULL,'员工',NULL,50,'2016-07-04 18:57:01.112',NULL,NULL,1,'',NULL),('57504',1,'57501','57501','LeaveFlow:1:37504','员工请假申请',NULL,NULL,'usertask4',NULL,'员工',NULL,50,'2016-07-04 18:58:09.753',NULL,NULL,1,'',NULL);

/*Table structure for table `act_ru_variable` */

DROP TABLE IF EXISTS `act_ru_variable`;

CREATE TABLE `act_ru_variable` (
  `ID_` varchar(64) COLLATE utf8_bin NOT NULL,
  `REV_` int(11) DEFAULT NULL,
  `TYPE_` varchar(255) COLLATE utf8_bin NOT NULL,
  `NAME_` varchar(255) COLLATE utf8_bin NOT NULL,
  `EXECUTION_ID_` varchar(64) COLLATE utf8_bin DEFAULT NULL,
  `PROC_INST_ID_` varchar(64) COLLATE utf8_bin DEFAULT NULL,
  `TASK_ID_` varchar(64) COLLATE utf8_bin DEFAULT NULL,
  `BYTEARRAY_ID_` varchar(64) COLLATE utf8_bin DEFAULT NULL,
  `DOUBLE_` double DEFAULT NULL,
  `LONG_` bigint(20) DEFAULT NULL,
  `TEXT_` varchar(4000) COLLATE utf8_bin DEFAULT NULL,
  `TEXT2_` varchar(4000) COLLATE utf8_bin DEFAULT NULL,
  PRIMARY KEY (`ID_`),
  KEY `ACT_IDX_VARIABLE_TASK_ID` (`TASK_ID_`),
  KEY `ACT_FK_VAR_EXE` (`EXECUTION_ID_`),
  KEY `ACT_FK_VAR_PROCINST` (`PROC_INST_ID_`),
  KEY `ACT_FK_VAR_BYTEARRAY` (`BYTEARRAY_ID_`),
  CONSTRAINT `ACT_FK_VAR_BYTEARRAY` FOREIGN KEY (`BYTEARRAY_ID_`) REFERENCES `act_ge_bytearray` (`ID_`),
  CONSTRAINT `ACT_FK_VAR_EXE` FOREIGN KEY (`EXECUTION_ID_`) REFERENCES `act_ru_execution` (`ID_`),
  CONSTRAINT `ACT_FK_VAR_PROCINST` FOREIGN KEY (`PROC_INST_ID_`) REFERENCES `act_ru_execution` (`ID_`)
) ENGINE=InnoDB DEFAULT CHARSET=utf8 COLLATE=utf8_bin;

/*Data for the table `act_ru_variable` */

/*Table structure for table `area` */

DROP TABLE IF EXISTS `area`;

CREATE TABLE `area` (
  `id` int(11) NOT NULL AUTO_INCREMENT,
  `name` varchar(20) DEFAULT NULL,
  `pid` int(11) DEFAULT NULL,
  PRIMARY KEY (`id`)
) ENGINE=InnoDB AUTO_INCREMENT=4 DEFAULT CHARSET=utf8;

/*Data for the table `area` */

insert  into `area`(`id`,`name`,`pid`) values (1,'福州',0),(2,'太原',0),(3,'成都',0);

/*Table structure for table `category` */

DROP TABLE IF EXISTS `category`;

CREATE TABLE `category` (
  `id` int(11) NOT NULL AUTO_INCREMENT,
  `name` varchar(20) DEFAULT NULL,
  PRIMARY KEY (`id`)
) ENGINE=InnoDB DEFAULT CHARSET=utf8;

/*Data for the table `category` */

/*Table structure for table `district` */

DROP TABLE IF EXISTS `district`;

CREATE TABLE `district` (
  `id` int(11) NOT NULL AUTO_INCREMENT,
  `name` varchar(20) DEFAULT NULL,
  `area_id` int(11) DEFAULT NULL,
  PRIMARY KEY (`id`)
) ENGINE=InnoDB DEFAULT CHARSET=utf8;

/*Data for the table `district` */

/*Table structure for table `log` */

DROP TABLE IF EXISTS `log`;

CREATE TABLE `log` (
  `key` int(11) NOT NULL AUTO_INCREMENT,
  `id` varchar(20) DEFAULT NULL,
  PRIMARY KEY (`key`)
) ENGINE=InnoDB DEFAULT CHARSET=utf8;

/*Data for the table `log` */

/*Table structure for table `order_info` */

DROP TABLE IF EXISTS `order_info`;

CREATE TABLE `order_info` (
  `id` int(11) NOT NULL AUTO_INCREMENT,
  `account` varchar(20) DEFAULT NULL,
  `date` datetime DEFAULT NULL,
  `province_id` int(11) DEFAULT NULL,
  `is_delete` int(11) DEFAULT NULL,
  PRIMARY KEY (`id`)
) ENGINE=InnoDB AUTO_INCREMENT=6 DEFAULT CHARSET=utf8;

/*Data for the table `order_info` */

insert  into `order_info`(`id`,`account`,`date`,`province_id`,`is_delete`) values (1,'zhangjinci','2016-07-20 20:52:54',1,0),(2,'yuhua','2016-07-20 20:53:07',2,0),(3,'zhuchao','2016-07-20 20:53:19',1,0),(4,'zhixing','2016-07-21 17:17:19',3,0),(5,'zhixiao','2016-07-21 17:17:35',3,0);

/*!40101 SET SQL_MODE=@OLD_SQL_MODE */;
/*!40014 SET FOREIGN_KEY_CHECKS=@OLD_FOREIGN_KEY_CHECKS */;
/*!40014 SET UNIQUE_CHECKS=@OLD_UNIQUE_CHECKS */;
/*!40111 SET SQL_NOTES=@OLD_SQL_NOTES */;
